TransactionAmount,TransactionDate,TransactionType,Location,Channel,CustomerAge,CustomerOccupation,TransactionDuration,LoginAttempts,AccountBalance,PreviousTransactionDate,Target
0.007554239769276148,2023-04-11 16:29:14,1,36,0,0.8387096774193548,0,0.24482758620689654,0.0,0.336789508321911,2024-11-04 08:08:08,2
0.2053682623609867,2023-06-27 16:44:19,1,15,0,0.8064516129032258,0,0.45172413793103444,0.0,0.9180493943514934,2024-11-04 08:09:35,0
0.06884026306014988,2023-07-10 18:16:08,1,23,2,0.016129032258064557,3,0.1586206896551724,0.0,0.06857787048620612,2024-11-04 08:07:04,1
0.10063580152504971,2023-05-05 16:32:11,1,33,2,0.12903225806451613,3,0.05172413793103449,0.0,0.5691704440570887,2024-11-04 08:09:06,0
0.050192269876990984,2023-04-03 17:15:01,1,28,0,0.0,3,0.5586206896551724,0.0,0.045676901865379926,2024-11-04 08:06:36,1
0.0037252288667001684,2023-02-15 16:36:48,0,39,0,0.30645161290322587,0,0.44482758620689655,0.0,0.8883232419925262,2024-11-04 08:10:09,0
0.09349122768686229,2023-05-08 17:47:59,0,16,1,0.7903225806451613,2,0.9689655172413792,0.0,0.18110231456615078,2024-11-04 08:10:55,2
0.05788306495663004,2023-03-21 16:59:46,0,11,1,0.532258064516129,1,0.26206896551724135,0.0,0.6045352885460201,2024-11-04 08:11:14,0
0.4455526666521008,2023-03-31 16:06:57,1,26,0,0.5967741935483871,0,0.3793103448275862,0.0,0.06182394346787634,2024-11-04 08:06:32,2
0.009569796150232693,2023-03-14 16:46:10,0,0,2,0.5483870967741935,1,0.16896551724137931,0.0,0.5039947458252638,2024-11-04 08:06:45,0
0.10365094277786276,2023-02-06 17:30:00,1,22,2,0.04838709677419356,3,0.5620689655172414,0.0,0.09590146136776602,2024-11-04 08:07:12,1
0.2699753107998864,2023-06-07 17:21:28,0,23,1,0.09677419354838712,3,0.3482758620689655,0.0,0.10203290043755661,2024-11-04 08:08:38,1
0.42687190019445476,2023-11-20 16:39:15,1,22,0,0.12903225806451613,3,0.3896551724137931,0.0,0.005881368317245673,2024-11-04 08:07:06,1
0.09107146758723154,2023-02-13 16:53:57,1,21,2,0.0,3,0.4275862068965517,0.0,0.01329206717760872,2024-11-04 08:10:09,1
0.25409665931088726,2023-12-12 16:23:31,1,10,0,0.29032258064516125,1,0.4103448275862069,0.0,0.22609488302806105,2024-11-04 08:12:19,1
0.3034477484760427,2023-10-30 16:52:49,0,2,1,0.016129032258064557,3,0.5103448275862069,0.0,0.06917683027254352,2024-11-04 08:07:35,1
0.26910681902597827,2023-12-14 18:32:14,1,8,2,0.33870967741935487,1,0.7724137931034483,0.0,0.33663892808381946,2024-11-04 08:11:51,1
0.010061395267539165,2023-02-21 16:56:50,0,0,1,0.6612903225806451,2,0.3310344827586207,0.0,0.5274456012084064,2024-11-04 08:12:01,2
0.03890187681618563,2023-06-08 18:18:50,0,8,2,0.0,3,0.5482758620689655,0.0,0.43469220794324204,2024-11-04 08:09:20,1
0.03225982652013372,2023-02-28 16:36:58,1,20,1,0.8548387096774193,2,0.09655172413793102,0.0,0.3797236987077662,2024-11-04 08:09:24,2
0.04670737835652953,2023-08-11 18:31:31,1,19,1,0.32258064516129037,0,0.2862068965517241,0.0,0.607967039061455,2024-11-04 08:08:13,0
0.18876313662085692,2023-05-02 18:25:46,1,13,2,0.06451612903225812,3,0.4551724137931034,0.5,0.08741048374573722,2024-11-04 08:07:04,1
0.07935502195809391,2023-03-02 16:43:56,1,33,2,0.04838709677419356,3,0.296551724137931,0.0,0.12293531973764085,2024-11-04 08:07:09,1
0.00394917957569534,2023-10-20 17:53:13,0,15,2,0.7580645161290323,2,0.9172413793103449,0.0,0.23746436323717937,2024-11-04 08:09:44,2
0.13473639362887546,2023-04-17 16:37:01,1,24,0,0.08064516129032262,3,0.5103448275862069,1.0,0.038394599547318164,2024-11-04 08:11:38,1
0.0218816229325526,2023-03-29 16:42:38,1,25,1,0.30645161290322587,1,0.29310344827586204,0.0,0.17372657183248758,2024-11-04 08:11:59,1
0.06947387970023379,2023-01-24 16:18:32,1,19,2,0.4193548387096775,0,0.6448275862068966,0.0,0.11225353409802102,2024-11-04 08:11:22,1
0.03053922960956106,2023-09-20 16:55:42,1,11,1,0.14516129032258068,3,0.9413793103448276,0.0,0.08399486682724079,2024-11-04 08:08:30,1
0.015321505822718434,2023-07-17 17:49:22,0,24,2,0.6612903225806451,0,0.034482758620689655,0.0,0.553400525283027,2024-11-04 08:09:17,0
0.032150582271843385,2023-02-06 16:24:24,1,3,0,0.1774193548387097,0,0.8517241379310345,0.0,0.6535074775860644,2024-11-04 08:06:58,0
0.21640739365072428,2023-09-25 16:26:00,1,27,0,0.5,1,0.5448275862068966,0.5,0.6445338365222957,2024-11-04 08:11:13,0
0.4793364504358845,2023-03-13 17:23:24,1,20,2,0.06451612903225812,3,0.4827586206896552,0.0,0.019951881547131282,2024-11-04 08:07:50,1
0.13928641657016758,2023-10-27 16:42:49,0,37,1,0.435483870967742,0,0.13793103448275862,0.0,0.9891017552681237,2024-11-04 08:10:51,0
0.06800454456072888,2023-10-16 16:32:56,1,39,1,0.5,1,0.1206896551724138,0.0,0.38065339723134034,2024-11-04 08:06:23,2
0.04253424807183902,2023-11-21 16:58:44,1,25,1,0.12903225806451613,3,0.46551724137931033,0.0,0.053671771381553525,2024-11-04 08:12:18,1
0.43427319801612446,2023-10-12 17:07:40,1,23,0,0.7741935483870968,0,0.27586206896551724,0.25,0.5251942922022965,2024-11-04 08:11:17,2
0.1831862177456357,2023-01-24 17:17:20,1,28,2,0.5967741935483871,2,0.7103448275862069,0.0,0.06165655739964063,2024-11-04 08:07:32,2
0.17927527365684198,2023-07-31 18:39:50,1,35,0,0.7258064516129032,2,0.3758620689655172,0.0,0.2837805588812426,2024-11-04 08:07:31,2
0.018440429111407287,2023-01-09 16:13:21,1,30,2,0.32258064516129037,0,0.031034482758620682,0.0,0.9486743225065695,2024-11-04 08:11:45,0
0.13172671458847693,2023-04-20 18:57:43,0,5,2,0.6290322580645161,0,0.36551724137931035,0.0,0.8910330140449685,2024-11-04 08:09:03,0
0.030074941554327165,2023-04-12 16:03:37,1,40,0,0.016129032258064557,3,0.36896551724137927,0.0,0.0093837033192859,2024-11-04 08:08:03,1
0.1660785684633704,2023-07-26 16:52:28,1,21,1,0.14516129032258068,3,0.07931034482758621,0.0,0.051520625123102716,2024-11-04 08:09:53,1
0.08970591448360245,2023-12-13 16:01:38,1,3,1,0.12903225806451613,3,0.22413793103448276,0.0,0.09458791768369951,2024-11-04 08:10:33,1
0.2785619087155061,2023-10-09 16:29:40,1,28,2,0.016129032258064557,3,0.3275862068965517,0.0,0.04567824633179147,2024-11-04 08:11:35,1
0.34228407874325417,2023-11-27 16:45:57,1,10,2,0.12903225806451613,3,0.4413793103448276,0.0,0.010978240483362565,2024-11-04 08:07:24,1
0.23218772531626208,2023-02-13 16:59:39,0,18,2,0.8225806451612903,2,0.38275862068965516,0.0,0.25580759072291287,2024-11-04 08:07:07,2
0.046521663134435974,2023-06-07 16:45:34,1,41,1,0.7903225806451613,0,0.46551724137931033,0.0,0.9950866474990573,2024-11-04 08:06:45,0
0.09244248290327514,2023-09-07 16:51:27,1,36,1,0.16129032258064518,3,0.4551724137931034,0.0,0.05489994144848779,2024-11-04 08:08:58,1
0.05700911097030741,2023-03-29 17:47:16,1,29,0,0.7096774193548387,2,0.27586206896551724,0.0,0.2941410170485063,2024-11-04 08:10:42,2
0.1729828049553191,2023-08-04 17:53:40,1,23,1,0.11290322580645162,3,0.2517241379310345,0.0,0.08213546978009237,2024-11-04 08:09:15,1
0.03292621643470471,2023-12-14 17:52:37,0,8,1,0.6290322580645161,2,0.14482758620689656,0.0,0.23075950924287048,2024-11-04 08:09:57,2
0.15966046887631366,2023-03-03 17:37:41,0,9,1,0.8064516129032258,2,0.17586206896551726,0.0,0.3049364100999006,2024-11-04 08:07:49,2
0.21098341672310952,2023-06-09 16:18:15,1,16,1,0.4838709677419355,1,0.06206896551724138,0.0,0.37163807770881413,2024-11-04 08:07:09,2
0.0610729970067076,2023-10-02 16:35:22,1,18,1,0.08064516129032262,3,0.1413793103448276,0.0,0.05566763176947241,2024-11-04 08:11:37,1
0.1440549280080404,2023-05-16 16:07:30,1,9,1,0.9838709677419355,2,0.7482758620689656,0.25,0.2737884845107386,2024-11-04 08:11:03,2
0.19083877733837315,2023-11-07 16:48:23,1,19,2,0.4838709677419355,1,0.7448275862068966,0.0,0.44027376025071613,2024-11-04 08:08:09,0
0.32835543708623743,2023-05-30 17:43:25,0,30,1,0.6129032258064516,1,0.32413793103448274,0.0,0.5617241168368202,2024-11-04 08:08:01,0
0.003009679040398523,2023-11-02 16:01:40,1,5,2,0.5161290322580645,0,0.393103448275862,0.0,0.9334576516608531,2024-11-04 08:11:32,0
0.10982870501868078,2023-03-29 17:00:31,0,26,1,0.3870967741935484,1,0.6068965517241379,0.0,0.16690676595999274,2024-11-04 08:11:41,1
0.16286132535122028,2023-04-25 16:11:24,1,16,1,0.6129032258064516,2,0.7413793103448276,0.0,0.19579128234534102,2024-11-04 08:10:12,2
0.28447202254801285,2023-04-18 18:40:47,1,0,1,0.11290322580645162,3,0.4068965517241379,0.0,0.12431070887663784,2024-11-04 08:12:10,1
0.06391880967467063,2023-02-09 16:34:53,0,2,2,0.6774193548387097,1,0.020689655172413793,0.0,0.23955500850711126,2024-11-04 08:07:11,2
0.07280582927308878,2023-07-18 16:12:00,1,1,0,0.4193548387096775,1,0.7241379310344828,0.0,0.2516894901043911,2024-11-04 08:10:18,2
0.0780823264655116,2023-01-13 17:00:16,1,9,2,0.27419354838709675,1,0.43103448275862066,0.0,0.4216663451151166,2024-11-04 08:09:26,0
0.013387882627979637,2023-07-04 18:20:33,1,4,0,0.7096774193548387,2,0.15517241379310343,0.0,0.38746244737254293,2024-11-04 08:12:15,2
0.12763005527758964,2023-10-20 16:54:28,0,17,2,0.12903225806451613,3,0.9310344827586207,0.0,0.4326103017049851,2024-11-04 08:08:45,1
0.6621566999497477,2023-10-04 16:36:29,1,16,1,0.03225806451612906,3,0.04827586206896552,0.0,0.03386374774045615,2024-11-04 08:06:51,1
0.04985361270729096,2023-03-13 16:32:12,1,25,1,0.4193548387096775,0,0.20344827586206898,0.0,0.9797025905851051,2024-11-04 08:11:36,0
0.06556293561144007,2023-12-18 18:46:27,1,24,1,0.016129032258064557,3,0.23103448275862065,0.0,0.08471415635741028,2024-11-04 08:06:50,1
0.09503703380017042,2023-07-17 18:54:31,1,39,2,0.5161290322580645,0,0.19655172413793104,0.0,0.7008797515963859,2024-11-04 08:10:29,0
0.10020428674430291,2023-06-19 18:22:10,1,10,0,0.32258064516129037,1,0.3172413793103448,0.0,0.03027200572204905,2024-11-04 08:09:51,1
0.5037743887784308,2023-01-23 16:32:48,1,11,0,0.7258064516129032,2,0.2655172413793103,0.0,0.31014420074496885,2024-11-04 08:11:07,2
0.14182634534291771,2023-11-06 16:34:10,1,10,2,0.5,0,0.5517241379310345,0.0,0.4755821371503631,2024-11-04 08:09:38,0
0.08436387074220543,2023-07-03 16:40:24,1,36,2,0.25806451612903225,0,0.506896551724138,0.0,0.0955592946660312,2024-11-04 08:09:42,1
0.7318982280582929,2023-09-29 17:22:10,0,2,2,0.5806451612903226,1,0.06896551724137931,0.0,0.5748992154366257,2024-11-04 08:06:53,0
0.013273176167274794,2023-10-20 17:27:35,1,23,1,0.7419354838709677,0,0.20344827586206898,0.0,0.6566192450955547,2024-11-04 08:12:05,0
0.005107168607572811,2023-06-22 18:37:29,0,36,2,0.6451612903225806,0,0.5827586206896552,0.0,0.859228988846979,2024-11-04 08:09:10,0
0.21450108151805808,2023-11-20 16:28:09,1,18,2,0.09677419354838712,3,0.3103448275862069,0.0,0.04634711837152851,2024-11-04 08:08:38,1
0.39146037711114506,2023-09-14 16:49:33,0,25,2,0.6774193548387097,2,0.08275862068965517,0.0,0.26632669592673736,2024-11-04 08:08:12,2
0.12212960737617165,2023-10-02 16:36:10,1,18,0,0.5645161290322581,1,0.15517241379310343,0.75,0.19008805582762328,2024-11-04 08:08:01,2
0.1258493740304573,2023-03-27 18:16:04,1,15,1,0.04838709677419356,3,0.43103448275862066,0.0,0.034677149919432854,2024-11-04 08:10:44,1
0.35171731958312397,2023-03-02 16:05:09,1,35,0,0.1774193548387097,1,0.21379310344827585,0.0,0.07000098818281249,2024-11-04 08:08:04,1
0.2777098035788416,2023-06-26 16:16:50,0,23,1,0.532258064516129,1,0.40344827586206894,0.0,0.5113146932028484,2024-11-04 08:09:32,0
0.46885992702484214,2023-04-18 17:27:23,0,37,1,0.14516129032258068,3,0.603448275862069,0.0,0.11903636714419874,2024-11-04 08:10:47,1
0.013710153160436105,2023-07-17 17:08:24,1,21,0,0.6290322580645161,1,0.23448275862068962,0.0,0.0066443530057899445,2024-11-04 08:11:05,2
0.08049116214031332,2023-09-01 17:26:02,1,5,1,0.8548387096774193,2,0.4241379310344827,0.0,0.13536087831301735,2024-11-04 08:07:22,2
0.06268434966898993,2023-09-11 16:19:04,1,35,1,0.30645161290322587,0,0.5689655172413793,0.0,0.5069619831955143,2024-11-04 08:08:38,0
0.2092628198125369,2023-01-24 17:23:56,1,13,1,0.19354838709677424,1,0.04827586206896552,0.0,0.5915470707774176,2024-11-04 08:11:07,0
0.1070047412003758,2023-02-24 16:29:23,1,41,1,0.14516129032258068,1,0.4689655172413793,0.0,0.6262968218830732,2024-11-04 08:08:32,0
0.07083397059144836,2023-01-02 16:36:02,1,19,0,0.22580645161290325,1,0.7758620689655172,0.0,0.5278859139581831,2024-11-04 08:06:35,0
0.16749328147873013,2023-11-30 16:31:03,1,7,2,0.4516129032258065,1,0.1413793103448276,0.0,0.6262443876930234,2024-11-04 08:10:48,0
0.06266250081933186,2023-11-01 16:52:01,1,39,2,0.6612903225806451,2,0.24137931034482757,0.0,0.4061955701176207,2024-11-04 08:09:24,2
0.4131235115471171,2023-03-06 16:47:02,1,34,1,0.14516129032258068,3,0.02413793103448276,0.0,0.021407266437614408,2024-11-04 08:11:40,1
0.27502239507089954,2023-11-27 18:32:49,1,20,2,0.06451612903225812,3,0.08620689655172413,0.0,0.023233724057680302,2024-11-04 08:09:22,1
0.0779840066420503,2023-07-31 16:37:46,1,35,0,0.7258064516129032,2,0.4724137931034483,0.0,0.52966934865308,2024-11-04 08:10:42,2
0.13880027966527564,2023-04-20 18:26:50,0,9,2,0.532258064516129,1,0.5655172413793104,0.0,0.5880064184826488,2024-11-04 08:06:56,0
0.11661823504992462,2023-03-01 17:52:14,0,9,0,0.967741935483871,2,0.9379310344827586,0.0,0.23034205242208988,2024-11-04 08:09:36,2
0.17894207869955647,2023-02-10 16:52:48,1,14,2,0.3548387096774194,1,0.32413793103448274,0.0,0.025407726245127153,2024-11-04 08:06:30,1
0.0012235355808516682,2023-07-21 16:43:11,1,36,2,0.467741935483871,0,0.33448275862068966,0.0,0.8095751553362881,2024-11-04 08:09:53,0
0.16376805261202998,2023-10-09 17:02:43,0,2,2,0.8064516129032258,0,0.1275862068965517,0.0,0.9037872946579645,2024-11-04 08:12:18,0
0.030981668815136882,2024-01-01 16:34:10,0,28,0,0.4032258064516129,1,0.38620689655172413,0.25,0.37552089670531785,2024-11-04 08:07:42,0
0.06312678887456576,2023-05-22 17:09:52,1,14,1,0.33870967741935487,1,0.5413793103448277,0.0,0.42880680622676176,2024-11-04 08:10:02,0
0.0291190543817868,2023-08-16 16:17:12,1,15,0,0.8225806451612903,2,0.38275862068965516,0.0,0.10413766260480957,2024-11-04 08:08:43,2
0.0344556359107693,2023-11-17 16:02:02,0,11,2,0.4516129032258065,0,0.5344827586206897,0.0,0.7443463506812077,2024-11-04 08:10:13,0
0.18101225720465816,2023-08-25 17:26:07,1,32,2,0.3709677419354839,1,0.17586206896551726,0.0,0.27362378737532594,2024-11-04 08:11:00,1
0.0026109375341388276,2023-11-27 16:38:34,1,42,0,0.6129032258064516,2,0.10689655172413794,0.0,0.36678119279715565,2024-11-04 08:10:48,2
0.1170442876182569,2023-08-04 17:46:44,0,11,2,0.8387096774193548,0,0.8172413793103449,0.0,0.7427726527465097,2024-11-04 08:11:56,0
0.32694072407087765,2023-09-04 16:48:35,1,30,1,0.6290322580645161,0,0.5103448275862069,0.0,0.08828573137964439,2024-11-04 08:10:13,2
0.45938298848565623,2023-08-09 17:34:26,1,40,2,0.12903225806451613,3,0.24137931034482757,0.0,0.06732012215821817,2024-11-04 08:09:58,1
0.020696322838602548,2023-09-07 16:07:40,1,23,2,0.12903225806451613,3,0.3379310344827586,0.0,0.013544154629770926,2024-11-04 08:07:42,1
0.5661036946404773,2023-07-11 16:39:53,1,35,1,0.6451612903225806,0,0.46206896551724136,0.0,0.36565251324467474,2024-11-04 08:09:24,2
0.06798269571107081,2023-07-03 17:14:07,1,28,1,0.24193548387096775,1,0.3275862068965517,0.0,0.41729548481122686,2024-11-04 08:07:25,0
0.16506259695427036,2023-09-25 17:13:36,0,35,1,0.967741935483871,2,0.10344827586206896,0.0,0.33822808738224996,2024-11-04 08:11:55,2
0.11349384954882126,2023-11-20 17:10:02,1,21,2,0.467741935483871,1,0.906896551724138,0.0,0.6213303629588748,2024-11-04 08:08:45,0
0.003009679040398523,2023-11-17 17:27:07,0,20,1,0.08064516129032262,3,0.8413793103448276,0.0,0.06828343234208067,2024-11-04 08:10:53,1
0.20814852847997553,2023-08-21 16:46:05,1,0,0,0.6129032258064516,0,0.22413793103448276,0.0,0.7887413038231921,2024-11-04 08:09:32,0
0.008684917739081038,2023-10-16 16:59:36,1,25,0,0.5161290322580645,0,0.393103448275862,0.0,0.9612242442250127,2024-11-04 08:11:59,0
0.2653652035220346,2023-06-20 17:21:50,1,28,2,0.0,3,0.2,0.0,0.11068252509614618,2024-11-04 08:07:03,1
0.18360134588913893,2023-01-16 16:53:38,1,35,1,0.04838709677419356,3,0.027586206896551724,0.0,0.06038401994112583,2024-11-04 08:09:57,1
0.5446754353383294,2023-11-22 16:07:19,1,39,2,0.8225806451612903,0,0.37241379310344824,0.0,0.450923950929665,2024-11-04 08:08:25,2
0.1279850990845332,2023-09-01 16:09:08,1,6,2,0.08064516129032262,3,0.3793103448275862,0.0,0.010875388802880387,2024-11-04 08:08:47,1
0.0031353099259323995,2023-10-23 18:38:15,1,6,2,0.19354838709677424,0,0.8137931034482759,0.0,0.3590101769385021,2024-11-04 08:09:43,1
0.5733465883021259,2023-10-23 16:50:33,1,11,0,1.0,2,0.03793103448275863,0.0,0.1301208204740723,2024-11-04 08:10:34,2
0.12392667526054753,2023-07-03 17:42:08,1,5,0,0.0,3,0.9793103448275863,0.0,0.016116118875031178,2024-11-04 08:11:34,1
0.02490222639778016,2023-02-16 17:57:10,1,20,0,0.03225806451612906,3,0.2827586206896551,0.0,0.1046633489717185,2024-11-04 08:07:24,1
0.5315442766938321,2023-08-30 17:23:20,1,34,1,0.9516129032258065,2,0.9862068965517242,0.0,0.130414586384992,2024-11-04 08:11:44,2
0.226812908300378,2023-07-28 16:29:23,1,22,0,0.7741935483870968,0,0.45172413793103444,0.0,0.6730035850196864,2024-11-04 08:10:23,0
0.1450217396054098,2023-02-06 17:48:55,1,30,2,0.5806451612903226,2,0.2827586206896551,0.0,0.29201608788508043,2024-11-04 08:12:18,2
0.03776573663396623,2023-07-24 18:08:43,1,41,2,1.0,2,0.35517241379310344,0.0,0.4269064029540617,2024-11-04 08:09:04,2
0.1817114203937163,2023-11-20 16:29:48,0,0,1,0.27419354838709675,1,0.9758620689655172,0.0,0.18056183906871504,2024-11-04 08:08:14,1
0.14619065306211626,2023-10-09 16:52:47,1,35,2,0.03225806451612906,3,0.5172413793103449,0.0,0.03320563143201134,2024-11-04 08:08:34,1
0.27080010487447836,2023-11-03 16:45:52,1,37,1,0.6935483870967742,0,0.8793103448275862,0.0,0.8606238727489431,2024-11-04 08:09:41,0
0.20537918678581574,2023-02-15 16:41:11,1,40,0,0.30645161290322587,1,0.810344827586207,0.0,0.6023343970303426,2024-11-04 08:09:58,0
0.045205269942537527,2023-09-04 17:59:51,0,39,2,0.29032258064516125,1,0.5551724137931034,0.0,0.5987823167710757,2024-11-04 08:11:01,0
0.0507985754550023,2023-07-27 16:22:52,0,27,2,0.03225806451612906,3,0.21379310344827585,0.0,0.07058448660541727,2024-11-04 08:12:04,1
0.4386757412222247,2023-04-17 16:08:34,0,22,1,0.8064516129032258,0,0.4103448275862069,0.0,0.8111280140416074,2024-11-04 08:08:40,0
0.019390854071533133,2023-09-19 17:38:18,1,5,1,0.08064516129032262,3,0.38620689655172413,0.0,0.03426103756506378,2024-11-04 08:11:40,1
0.015441674495837797,2023-05-31 16:37:39,1,42,2,0.7096774193548387,0,0.30689655172413793,0.0,0.5759915943959952,2024-11-04 08:06:30,0
0.07607223229696956,2023-10-09 17:20:09,0,21,2,0.5645161290322581,0,0.5758620689655173,0.0,0.672008679875153,2024-11-04 08:07:31,0
0.16785924971050276,2023-01-09 16:12:01,1,11,1,0.24193548387096775,0,0.9482758620689655,0.0,0.3499336841942512,2024-11-04 08:06:33,1
0.032986300771264396,2023-05-26 18:15:08,0,40,1,0.6129032258064516,2,0.14827586206896554,0.0,0.06353141581052167,2024-11-04 08:09:22,2
0.04074810461229216,2023-08-14 17:43:17,1,26,1,0.8387096774193548,0,0.396551724137931,0.0,0.4584146455415141,2024-11-04 08:07:39,2
0.12653215058227185,2023-01-31 18:31:22,1,22,0,0.25806451612903225,1,0.5344827586206897,0.0,0.0007098782652887681,2024-11-04 08:12:15,1
0.06879656536083376,2023-02-14 16:07:01,1,3,1,0.9193548387096775,2,0.8896551724137931,0.0,0.3742631483773299,2024-11-04 08:08:42,2
0.27639887259935764,2023-05-02 17:03:29,0,6,2,0.5645161290322581,2,0.5241379310344828,0.25,0.08118896542637401,2024-11-04 08:09:09,2
0.1661004173130285,2023-12-04 17:07:34,1,15,1,0.20967741935483875,1,0.0896551724137931,0.0,0.26586151054834734,2024-11-04 08:08:45,1
0.15381043938036665,2023-05-16 17:26:37,1,11,0,0.06451612903225812,3,0.34137931034482755,0.0,0.09974461860512956,2024-11-04 08:07:38,1
0.42475256177762244,2023-03-20 16:58:12,1,15,1,0.20967741935483875,1,0.02413793103448276,0.0,0.45196591239860207,2024-11-04 08:09:15,0
0.06495663003342875,2023-08-25 18:01:38,1,20,1,0.6129032258064516,2,0.296551724137931,0.0,0.3639672245978197,2024-11-04 08:07:34,2
0.09664292425003825,2023-05-15 17:25:28,1,6,2,0.935483870967742,2,0.11379310344827585,0.0,0.3523241454739547,2024-11-04 08:06:30,2
0.1423561799471258,2023-05-29 16:50:10,1,10,1,0.06451612903225812,3,0.0896551724137931,0.0,0.053835796283760395,2024-11-04 08:06:52,1
0.0924260962660316,2023-03-22 16:10:14,1,6,2,0.09677419354838712,3,0.031034482758620682,0.0,0.11454584932968269,2024-11-04 08:07:37,1
0.039857763988725994,2023-05-19 16:52:53,1,32,1,0.12903225806451613,3,0.013793103448275862,0.0,0.04608427518807405,2024-11-04 08:11:12,1
0.432776551814547,2023-05-22 16:22:36,1,3,0,0.016129032258064557,3,0.5310344827586208,0.0,0.044916606109658724,2024-11-04 08:10:39,1
0.1293451899757478,2023-12-18 16:47:17,1,31,2,0.8548387096774193,2,0.12413793103448274,0.0,0.07263950351544356,2024-11-04 08:07:50,2
0.01852236229762503,2023-11-21 16:57:43,0,30,2,0.5806451612903226,1,0.15172413793103445,0.0,0.04197088020199264,2024-11-04 08:06:29,2
0.4041982564617973,2023-07-19 17:03:58,1,30,2,0.3709677419354839,0,0.3896551724137931,0.0,0.9654680524530127,2024-11-04 08:08:27,0
0.24759116432519832,2023-04-19 16:36:03,1,0,0,0.6451612903225806,0,0.2482758620689655,0.0,0.8029220632988232,2024-11-04 08:12:06,0
0.16398107889619615,2023-11-13 16:11:52,1,17,1,0.8870967741935485,2,0.3103448275862069,0.0,0.5232286823086372,2024-11-04 08:08:00,2
0.06045030479145273,2023-04-07 16:38:15,0,41,1,0.016129032258064557,3,0.6586206896551724,0.0,0.12437322656477406,2024-11-04 08:10:53,1
0.11002534466560336,2023-01-03 16:46:36,1,19,0,0.6612903225806451,0,0.996551724137931,0.0,0.4857772259490085,2024-11-04 08:10:16,2
0.2179149642771308,2023-01-30 16:15:49,1,32,0,0.6612903225806451,1,0.34137931034482755,0.0,0.20894285278294467,2024-11-04 08:08:21,2
0.5689549695208548,2023-09-06 16:44:02,1,17,2,0.967741935483871,2,0.16206896551724137,0.0,0.37806395492273015,2024-11-04 08:06:44,2
0.34417400423867683,2023-03-02 16:11:53,1,23,0,0.7096774193548387,2,0.14482758620689656,0.0,0.08479885774133679,2024-11-04 08:12:15,2
0.005833642858703489,2023-10-23 17:24:07,0,30,0,0.6774193548387097,1,0.810344827586207,0.0,0.0766204685599891,2024-11-04 08:11:53,2
0.11778714850663113,2023-01-04 16:02:09,1,20,0,0.32258064516129037,0,0.7758620689655172,0.0,0.5223978020663105,2024-11-04 08:10:23,0
0.7768850095042497,2023-07-10 17:49:18,1,42,1,0.9838709677419355,2,0.5344827586206897,0.0,0.3745764090512168,2024-11-04 08:06:50,2
0.2428663505866416,2023-09-11 16:27:39,0,19,1,0.4032258064516129,0,0.3137931034482758,0.0,0.6874276929158049,2024-11-04 08:11:50,0
0.15311127619130854,2023-01-27 17:35:05,0,41,2,0.11290322580645162,3,0.04827586206896552,0.0,0.01284234316295135,2024-11-04 08:10:24,1
0.001660512574012978,2023-03-27 16:42:16,0,20,1,0.5161290322580645,0,0.41724137931034483,0.0,0.758492154030139,2024-11-04 08:10:11,0
0.010979046953177916,2023-07-24 17:02:18,1,40,1,0.7096774193548387,2,0.22413793103448276,0.0,0.1788328552634852,2024-11-04 08:11:15,2
0.2692051388494396,2023-07-31 16:25:26,1,7,1,0.5645161290322581,2,0.7793103448275862,0.0,0.4928000462496446,2024-11-04 08:08:01,0
0.1677718543118705,2023-06-12 17:32:52,1,20,0,0.016129032258064557,3,0.013793103448275862,0.0,0.0641848264865261,2024-11-04 08:09:48,1
0.005964735956651882,2023-11-30 16:52:42,1,1,2,0.4032258064516129,0,0.5206896551724138,0.0,0.39357170274654324,2024-11-04 08:10:20,0
0.17127313246957548,2023-11-15 18:57:38,1,40,1,0.6612903225806451,1,0.48620689655172417,0.0,0.48127796910281745,2024-11-04 08:08:42,2
0.1571915488649523,2023-08-24 16:47:21,1,10,0,0.8064516129032258,2,0.18275862068965515,0.0,0.11063748547135986,2024-11-04 08:10:00,2
0.43713539732133105,2023-05-04 16:21:31,1,28,0,0.20967741935483875,1,0.3379310344827586,0.0,0.6425218425374384,2024-11-04 08:06:49,0
0.2650702440516507,2023-02-06 17:46:59,1,15,0,0.4516129032258065,1,0.4586206896551724,0.0,0.42144383592400814,2024-11-04 08:11:46,0
0.2845211824597435,2023-02-17 18:16:05,1,18,0,0.5806451612903226,0,0.703448275862069,0.0,0.6278839644818863,2024-11-04 08:07:31,0
0.16641722563307043,2023-02-24 16:23:22,1,32,0,0.7580645161290323,0,0.5103448275862069,0.0,0.9027433164894101,2024-11-04 08:08:15,0
0.3790447682929494,2023-12-07 16:20:08,1,25,0,0.6935483870967742,2,0.21379310344827585,0.0,0.0865278415465666,2024-11-04 08:07:23,2
0.06368939675326095,2023-03-20 18:28:48,1,21,0,0.5967741935483871,1,0.5551724137931034,0.0,0.4439670094831939,2024-11-04 08:12:15,2
0.0407590290371212,2023-05-24 16:25:50,1,1,0,0.11290322580645162,3,0.6620689655172414,0.0,0.021408610904025942,2024-11-04 08:07:46,1
0.48612598046712846,2023-07-07 18:03:43,0,19,2,0.24193548387096775,1,0.5206896551724138,0.0,0.3387201620888706,2024-11-04 08:07:32,1
0.19719133037645567,2023-01-06 17:01:53,1,29,0,0.7258064516129032,0,0.5862068965517242,0.0,0.527257375910792,2024-11-04 08:10:07,2
0.07171884900260002,2023-10-19 16:42:37,1,5,1,0.4193548387096775,0,0.11034482758620691,0.0,0.38796863897648465,2024-11-04 08:07:12,0
0.2650538574144071,2023-11-28 16:49:27,0,25,2,0.935483870967742,2,0.09310344827586207,0.0,0.1998045145837633,2024-11-04 08:08:02,2
0.29911621403133126,2023-07-10 17:15:27,1,8,0,0.7419354838709677,2,0.41724137931034483,0.0,0.4069404045096093,2024-11-04 08:10:31,2
0.24964495619305646,2023-06-26 18:25:21,1,41,2,0.16129032258064518,1,0.017241379310344827,0.0,0.5523128519560979,2024-11-04 08:07:53,0
0.2763770237496996,2023-01-13 16:44:26,1,6,0,0.6451612903225806,1,0.18620689655172412,0.0,0.008597190468539823,2024-11-04 08:11:40,2
0.2656437763551749,2023-12-19 16:55:17,1,16,1,0.6290322580645161,2,0.3758620689655172,0.0,0.16209962630556093,2024-11-04 08:10:02,2
0.08926347527802662,2023-09-28 16:20:57,1,36,1,0.3709677419354839,0,0.9724137931034483,0.0,0.6714164424208732,2024-11-04 08:11:01,0
0.3175675675675676,2023-01-09 16:54:58,1,4,0,0.06451612903225812,3,0.5724137931034483,0.0,0.02540974294474445,2024-11-04 08:09:39,1
0.28593589547510323,2023-11-02 16:36:37,1,28,0,0.4032258064516129,0,0.5137931034482759,0.0,0.9005471306061729,2024-11-04 08:06:52,0
0.3852716904454981,2023-02-20 18:41:43,1,31,1,0.3548387096774194,0,0.393103448275862,0.5,0.9883508707772832,2024-11-04 08:09:04,0
0.04982630164521838,2023-01-23 16:50:31,1,13,0,0.532258064516129,0,0.45172413793103444,0.0,0.9976330668824985,2024-11-04 08:09:17,0
0.0027256439948436717,2023-11-13 18:26:24,1,38,0,0.33870967741935487,0,0.13448275862068965,0.0,0.9438907110143395,2024-11-04 08:12:22,0
0.029370316152854552,2023-09-19 17:16:46,0,25,0,0.6129032258064516,2,0.5206896551724138,0.0,0.4459662310371416,2024-11-04 08:07:36,2
0.40227555769188755,2023-11-27 16:05:27,1,22,1,0.4838709677419355,1,0.0,0.0,0.21584534333974872,2024-11-04 08:10:54,2
0.017916056719613712,2023-01-17 16:03:41,0,13,2,0.5645161290322581,2,0.5517241379310345,0.0,0.09671217461391968,2024-11-04 08:06:43,2
0.03618169503375648,2023-05-04 16:44:56,0,21,2,0.22580645161290325,1,0.46206896551724136,0.0,0.4516082843331346,2024-11-04 08:08:06,0
0.32133103192116935,2023-02-06 17:57:28,1,32,1,0.22580645161290325,1,0.41379310344827586,0.0,0.041157478023015934,2024-11-04 08:10:37,1
0.0946273678690817,2023-10-23 17:16:20,1,26,0,0.04838709677419356,3,0.9379310344827586,0.0,0.08098460653182118,2024-11-04 08:11:52,1
0.042643492320129345,2023-07-31 16:13:12,0,22,2,0.6129032258064516,1,0.6172413793103448,0.0,0.480857151116008,2024-11-04 08:08:18,2
0.022067338154646156,2024-01-01 16:08:49,1,21,1,0.6612903225806451,2,0.503448275862069,0.0,0.07069473285116287,2024-11-04 08:11:28,2
0.05296161157115078,2023-02-20 17:30:19,0,1,1,0.9516129032258065,2,0.15517241379310343,0.0,0.4400122615336732,2024-11-04 08:11:17,2
0.018467740173479866,2023-11-06 17:22:58,1,30,1,0.06451612903225812,3,0.24482758620689654,0.0,0.5786294374954205,2024-11-04 08:07:21,0
0.2686316065459154,2023-10-19 16:14:15,1,14,2,0.08064516129032262,3,0.2206896551724138,0.0,0.05080066335972746,2024-11-04 08:09:56,1
0.45978172999191597,2023-09-12 16:43:27,0,41,2,0.5645161290322581,0,0.603448275862069,0.0,0.027376697304815414,2024-11-04 08:08:33,2
0.04003255478599052,2023-01-09 16:09:48,1,1,0,0.532258064516129,1,0.5103448275862069,0.0,0.18216578749767243,2024-11-04 08:11:21,2
0.41527562323843653,2023-09-04 18:13:25,1,31,2,0.6290322580645161,1,0.37241379310344824,0.0,0.40856384770153387,2024-11-04 08:09:35,2
0.20288295571238174,2023-12-22 16:27:49,1,37,1,0.7903225806451613,2,0.4586206896551724,0.0,0.2273573369884894,2024-11-04 08:09:59,2
0.11945858550547314,2023-08-30 16:11:47,1,39,0,0.0,3,0.010344827586206896,0.0,0.04383027724914106,2024-11-04 08:10:35,1
0.12406323057091044,2023-12-25 16:58:19,1,1,2,0.0,3,0.1896551724137931,0.0,0.04362054048894211,2024-11-04 08:11:36,1
0.1298531757302978,2023-05-08 16:45:11,0,18,1,0.33870967741935487,0,0.26206896551724135,0.0,0.5652062848426874,2024-11-04 08:11:36,0
0.18620135899844872,2023-02-13 17:18:15,1,38,2,0.0,3,0.47586206896551725,0.0,0.027505766080322465,2024-11-04 08:10:09,1
0.23723480958727525,2023-09-06 16:28:38,1,22,0,0.6612903225806451,0,0.706896551724138,0.0,0.8433918467523406,2024-11-04 08:08:15,0
0.17075968450261095,2023-05-26 18:12:50,0,32,1,0.5806451612903226,1,0.11724137931034483,0.0,0.00880692722873878,2024-11-04 08:07:23,2
0.040906508772313145,2023-09-18 17:31:23,1,4,0,0.08064516129032262,3,0.49655172413793097,0.0,0.06659948816163715,2024-11-04 08:11:00,1
0.012584937403045731,2023-08-14 18:13:38,1,20,0,0.6612903225806451,1,0.5206896551724138,0.0,0.4442755645246404,2024-11-04 08:08:06,2
0.025737944897201163,2023-02-08 18:18:07,0,39,2,0.11290322580645162,3,0.17586206896551726,0.0,0.024010153410339893,2024-11-04 08:07:05,1
0.26649588149183945,2023-07-31 16:01:00,1,21,1,0.4032258064516129,1,0.5448275862068966,0.0,0.4684719265329775,2024-11-04 08:11:13,0
0.006860538792632568,2023-04-05 18:37:10,1,13,0,0.4193548387096775,1,0.503448275862069,0.0,0.6011774836832197,2024-11-04 08:08:25,0
0.2925834079835697,2023-07-07 16:38:12,1,19,2,0.4032258064516129,1,0.041379310344827586,0.0,0.6413051004350022,2024-11-04 08:10:49,0
0.14773099696300993,2023-07-03 18:01:00,0,42,2,0.12903225806451613,1,0.14827586206896554,0.0,0.41421396779599606,2024-11-04 08:11:05,1
0.05337673971465403,2023-02-06 16:09:48,1,10,1,0.8709677419354838,2,0.027586206896551724,0.0,0.49463793183420857,2024-11-04 08:08:43,2
0.10696104350105969,2023-08-25 16:52:28,1,37,2,0.6935483870967742,2,0.30344827586206896,0.0,0.2777412157606419,2024-11-04 08:06:31,2
0.13705783390504492,2023-06-01 16:51:11,1,38,0,0.3870967741935484,1,0.8137931034482759,0.0,0.5513455083730008,2024-11-04 08:07:55,0
0.024175752146649482,2023-03-28 18:30:25,1,12,2,0.16129032258064518,3,0.6724137931034483,0.0,0.014256721827882755,2024-11-04 08:10:28,1
0.09756057593567699,2023-05-23 16:03:54,1,3,2,0.27419354838709675,0,0.5862068965517242,0.0,0.34546266114270235,2024-11-04 08:10:16,1
0.6423671043719549,2023-12-20 16:08:02,0,18,0,0.5806451612903226,1,0.5655172413793104,1.0,0.014889293274508449,2024-11-04 08:11:44,2
0.2110708121217418,2023-10-31 16:48:01,1,27,1,0.4516129032258065,0,0.4068965517241379,0.0,0.4544874591534299,2024-11-04 08:06:28,0
0.09115340077344927,2023-04-24 18:33:29,1,10,2,0.935483870967742,2,0.034482758620689655,0.0,0.2538036635365248,2024-11-04 08:06:26,2
0.18842447945115692,2023-09-05 16:55:47,1,14,1,0.8225806451612903,2,0.8379310344827586,0.0,0.26515432121588167,2024-11-04 08:07:36,2
0.04074264239987765,2023-12-25 17:19:08,1,33,0,0.8709677419354838,2,0.36896551724137927,0.0,0.15511982893009382,2024-11-04 08:11:49,2
0.3667711769975311,2023-10-16 16:15:54,1,42,1,0.6451612903225806,1,0.15172413793103445,0.0,0.3434896566837795,2024-11-04 08:12:04,2
0.13916624789704823,2023-11-23 16:15:59,1,39,0,0.435483870967742,1,0.489655172413793,0.0,0.4111149727174154,2024-11-04 08:11:38,0
0.024858528698464027,2023-02-09 17:50:23,1,30,2,0.11290322580645162,3,0.34137931034482755,0.0,0.3949988538423842,2024-11-04 08:08:01,1
0.17994166357141297,2023-01-09 16:54:30,0,35,2,0.12903225806451613,3,0.19310344827586207,0.0,0.1055043127121316,2024-11-04 08:09:49,1
0.19761192073237346,2023-07-10 16:37:11,0,30,1,0.6451612903225806,0,0.6482758620689656,0.25,0.5592765157346266,2024-11-04 08:08:47,0
0.02575979374685923,2023-12-19 16:46:08,1,36,0,0.7419354838709677,0,0.06206896551724138,0.0,0.5479587974823523,2024-11-04 08:08:56,2
0.019516484957067013,2023-01-19 16:14:12,1,24,1,0.7258064516129032,2,0.4103448275862069,0.0,0.29494836912863115,2024-11-04 08:09:17,2
0.08244117197229565,2023-05-05 16:04:36,0,27,1,0.30645161290322587,0,0.296551724137931,0.0,0.7933440845830709,2024-11-04 08:11:16,0
0.1323821800782189,2023-07-10 16:40:15,0,37,2,0.06451612903225812,3,0.7724137931034483,0.0,0.02559998494197619,2024-11-04 08:07:09,1
0.026469881360746357,2023-09-29 18:54:28,1,41,1,0.04838709677419356,3,0.02413793103448276,0.0,0.04798938409321456,2024-11-04 08:07:27,1
0.023596757630710744,2023-07-21 17:02:42,1,4,0,0.11290322580645162,3,0.24137931034482757,0.0,0.0319888893295751,2024-11-04 08:10:45,1
0.565857895081824,2023-07-21 18:54:14,1,29,2,0.11290322580645162,3,0.39999999999999997,0.0,0.025215467548278116,2024-11-04 08:12:22,1
0.24226550722104484,2023-10-09 18:28:04,1,19,0,0.5645161290322581,2,0.2655172413793103,0.0,0.20379757982601263,2024-11-04 08:11:16,2
0.19930520658087353,2023-12-01 18:46:28,1,9,2,0.8064516129032258,2,0.16206896551724137,0.0,0.38935007821433354,2024-11-04 08:07:25,2
0.4135714129651074,2023-05-05 16:31:53,1,20,0,0.06451612903225812,3,0.09310344827586207,0.0,0.6339307021677505,2024-11-04 08:09:03,0
0.011077366776639211,2023-08-21 18:09:24,1,13,1,0.532258064516129,1,0.21379310344827585,0.0,0.35123042204817356,2024-11-04 08:07:28,2
0.25950971181367305,2023-10-02 16:03:09,1,31,0,0.25806451612903225,1,0.3275862068965517,0.0,0.1276167517825944,2024-11-04 08:06:59,1
0.018833708405252465,2023-06-26 16:40:21,1,37,0,0.6129032258064516,2,0.04827586206896552,0.0,0.45210170350616674,2024-11-04 08:11:03,2
0.11520898424697941,2023-10-16 16:09:47,1,42,0,0.8870967741935485,2,0.27586206896551724,0.0,0.2666728960277068,2024-11-04 08:11:50,2
0.11530730407044071,2023-11-21 16:23:41,0,13,1,0.532258064516129,1,0.9517241379310345,0.0,0.5271162069375812,2024-11-04 08:11:10,0
0.40647053682623613,2023-07-31 16:35:59,0,15,2,0.33870967741935487,1,0.33448275862068966,0.0,0.5875499721359336,2024-11-04 08:11:27,0
0.03341235333959667,2023-06-29 16:16:37,1,31,2,0.09677419354838712,3,0.5517241379310345,0.0,0.11969582791905509,2024-11-04 08:08:18,1
0.09131726714588477,2023-09-25 16:11:18,1,23,1,0.30645161290322587,0,0.2482758620689655,0.0,0.8352168187370217,2024-11-04 08:10:49,0
0.1972951124123315,2023-04-07 17:23:05,1,26,2,0.04838709677419356,3,0.2517241379310345,0.0,0.3116231137976538,2024-11-04 08:10:42,1
0.2067938998011755,2023-06-16 17:21:15,1,41,1,0.967741935483871,2,0.39999999999999997,0.0,0.14777904232313044,2024-11-04 08:09:07,2
0.13155738600362693,2023-06-16 16:41:23,1,8,1,0.19354838709677424,0,0.15517241379310343,0.0,0.8256939631441423,2024-11-04 08:10:49,0
0.07192095086193713,2023-09-11 17:31:10,0,13,1,0.20967741935483875,1,0.010344827586206896,0.0,0.2987982486980524,2024-11-04 08:06:50,1
0.6671491620966157,2023-09-27 16:55:35,1,10,2,0.14516129032258068,3,0.493103448275862,0.0,0.009526888992114034,2024-11-04 08:10:41,1
0.2650702440516507,2023-12-08 16:47:48,1,21,2,0.016129032258064557,3,0.47586206896551725,0.0,0.09620463854356644,2024-11-04 08:11:09,1
0.17527693416941598,2023-02-10 17:06:40,1,20,1,0.4516129032258065,0,0.5827586206896552,0.0,0.4640324984420996,2024-11-04 08:06:33,0
0.3883851515217724,2023-06-26 18:57:37,1,38,1,0.04838709677419356,3,0.1413793103448276,0.0,0.057354937115944776,2024-11-04 08:09:32,1
0.006538268260176102,2023-10-12 16:02:13,1,15,0,0.3870967741935484,1,0.44482758620689655,0.0,0.5204886597619354,2024-11-04 08:07:29,0
0.19154886495226028,2023-10-30 17:17:51,1,7,0,0.03225806451612906,3,0.18620689655172412,0.0,0.00802377554402153,2024-11-04 08:10:35,1
0.1647348642093994,2023-04-18 17:43:50,1,8,2,0.5806451612903226,1,0.05172413793103449,0.0,0.43587533838538994,2024-11-04 08:10:05,2
0.01588411370141362,2023-03-09 17:37:08,1,21,2,0.7580645161290323,2,0.06896551724137931,0.0,0.2583136761140081,2024-11-04 08:11:42,2
0.12642290633398154,2023-04-24 17:01:08,1,33,1,0.14516129032258068,3,0.47586206896551725,0.0,0.06895633778105231,2024-11-04 08:07:02,1
0.09786645983088992,2023-08-11 18:20:48,1,28,0,0.6451612903225806,2,0.806896551724138,0.0,0.16970056716315574,2024-11-04 08:10:00,2
0.01990976425091219,2023-01-30 17:11:53,1,17,1,0.4838709677419355,0,0.15517241379310343,0.0,0.4273507491030729,2024-11-04 08:11:44,0
0.07530206034652276,2023-04-11 17:18:50,0,20,1,0.5645161290322581,0,0.9344827586206896,0.0,0.10402741635906397,2024-11-04 08:11:23,2
0.12725862483340253,2023-04-17 16:56:06,1,21,0,0.24193548387096775,1,0.21379310344827585,0.0,0.45960785948174854,2024-11-04 08:07:39,0
0.2383600253446656,2023-12-25 17:46:24,1,20,1,0.20967741935483875,0,0.3482758620689655,0.0,0.9588048769174613,2024-11-04 08:08:23,0
0.4753053376739715,2023-05-31 16:54:20,1,20,1,0.1774193548387097,0,0.15517241379310343,0.0,0.6731057644669629,2024-11-04 08:07:52,0
0.19343879044768292,2023-11-06 17:23:08,1,6,0,0.903225806451613,2,0.4068965517241379,0.0,0.48780266459798105,2024-11-04 08:10:00,2
0.012218969171273134,2023-02-20 17:28:15,1,18,2,0.5645161290322581,1,0.35172413793103446,0.0,0.29146889005558696,2024-11-04 08:10:56,2
0.09937403045729643,2023-06-19 16:36:25,1,23,1,0.12903225806451613,3,0.14827586206896554,0.0,0.07219112396719772,2024-11-04 08:06:27,1
0.06912429810570474,2023-10-30 16:58:01,1,30,1,0.12903225806451613,1,0.9655172413793104,0.0,0.3580166162603801,2024-11-04 08:12:22,1
0.15726255762634098,2023-09-08 16:48:51,1,41,2,0.30645161290322587,1,0.13793103448275862,0.0,0.23870396126861165,2024-11-04 08:10:16,1
0.06473267932443356,2023-10-02 17:44:05,1,1,1,0.5967741935483871,1,0.3896551724137931,0.0,0.13462276625308642,2024-11-04 08:10:29,2
0.355895912080229,2023-04-14 17:59:43,1,16,0,0.04838709677419356,3,0.5379310344827587,0.0,0.11431796227292804,2024-11-04 08:07:02,1
0.036263628219974225,2023-10-17 16:58:59,1,11,0,0.30645161290322587,1,0.07931034482758621,0.0,0.23244210895690248,2024-11-04 08:11:00,1
0.053677161397452426,2023-01-16 16:31:48,1,10,1,0.8225806451612903,2,0.5379310344827587,0.0,0.2327674698284932,2024-11-04 08:11:19,2
0.07575542397692761,2023-06-02 16:48:43,1,42,2,0.8548387096774193,2,0.06896551724137931,0.0,0.4470834826251245,2024-11-04 08:08:37,2
0.01836942035001857,2023-11-10 16:10:34,1,26,1,0.12903225806451613,3,0.5758620689655173,0.0,0.09025066904009806,2024-11-04 08:11:36,1
0.012808888112040904,2023-09-18 16:04:52,1,1,1,0.6451612903225806,0,0.5310344827586208,0.0,0.7183947877726158,2024-11-04 08:09:16,0
0.9994428543337194,2023-03-01 16:31:58,1,35,2,0.5967741935483871,1,0.7862068965517242,0.0,0.1434209544501502,2024-11-04 08:11:59,2
0.01409250802945225,2023-12-21 17:01:24,1,36,0,0.7580645161290323,0,0.9413793103448276,0.0,0.8598823995229834,2024-11-04 08:12:00,0
0.009181979068802028,2023-05-01 17:17:12,1,20,1,0.14516129032258068,1,0.11724137931034483,0.0,0.1812307111084521,2024-11-04 08:11:25,1
0.3843376521226158,2023-09-22 16:42:15,1,35,2,0.4516129032258065,1,0.17931034482758618,0.0,0.2340359738877734,2024-11-04 08:06:44,2
0.6945967794795604,2023-08-28 16:43:15,1,15,0,0.467741935483871,1,0.49999999999999994,0.0,0.1356969949159003,2024-11-04 08:09:27,2
0.014360156437763553,2023-09-20 17:25:26,1,15,0,0.9516129032258065,2,0.7517241379310345,0.0,0.20053926547766543,2024-11-04 08:07:23,2
0.08037099346719395,2023-06-09 16:10:51,1,38,1,0.3870967741935484,1,0.8586206896551725,0.0,0.45009441515374987,2024-11-04 08:07:18,0
0.11025475758701306,2023-03-30 16:09:26,1,22,0,0.14516129032258068,3,0.027586206896551724,0.0,0.04330996874787827,2024-11-04 08:10:01,1
0.16832353776573666,2023-05-02 16:14:22,1,26,1,0.9193548387096775,2,0.09999999999999999,0.0,0.3580051882958822,2024-11-04 08:06:34,2
0.005964735956651882,2023-02-27 16:39:28,1,24,0,0.5645161290322581,1,0.46206896551724136,0.0,0.4951064783786273,2024-11-04 08:10:57,0
0.16052896065022176,2023-02-02 16:19:31,1,14,2,0.32258064516129037,1,0.43448275862068964,0.0,0.420815297876617,2024-11-04 08:07:20,0
0.07602853459765344,2023-07-10 16:43:05,1,4,2,0.14516129032258068,3,0.07241379310344827,0.0,0.0809072997131581,2024-11-04 08:10:08,1
0.23616967816644455,2023-06-30 17:10:38,1,7,0,0.1774193548387097,0,0.4379310344827586,0.0,0.9106178562617516,2024-11-04 08:10:24,0
0.0716478402412113,2023-02-01 18:47:20,1,5,2,0.4032258064516129,0,0.1896551724137931,0.0,0.083040967908259,2024-11-04 08:12:12,1
0.28210142236011276,2023-10-09 18:43:04,1,23,0,0.3870967741935484,1,0.4068965517241379,0.0,0.12863115169009515,2024-11-04 08:11:35,1
0.20441783740086086,2023-07-24 16:45:31,0,37,1,0.12903225806451613,3,0.5793103448275863,0.0,0.10549422921404512,2024-11-04 08:08:37,1
0.09060171731958312,2023-09-06 17:01:50,1,29,0,0.8064516129032258,0,0.7482758620689656,0.0,0.7878795008534002,2024-11-04 08:12:08,0
0.34228407874325417,2023-10-10 16:42:09,1,6,0,0.08064516129032262,3,0.4689655172413793,0.0,0.032597260380793226,2024-11-04 08:11:30,1
0.2548613690489196,2023-07-17 16:57:14,1,2,1,0.6129032258064516,2,0.5344827586206897,0.0,0.35765024916323773,2024-11-04 08:09:35,2
0.4307391465839324,2023-05-17 17:00:34,1,31,2,0.6451612903225806,2,0.7620689655172415,0.0,0.12177706192410623,2024-11-04 08:09:42,2
0.28677707618693876,2023-04-03 16:37:24,1,7,0,0.8225806451612903,2,0.4275862068965517,0.0,0.30864915409534555,2024-11-04 08:09:39,2
0.3454466997312592,2023-09-12 16:28:38,1,10,0,1.0,2,0.22758620689655168,0.0,0.2864748695699523,2024-11-04 08:09:26,2
0.06778059385173371,2023-12-08 16:39:15,1,28,0,0.8709677419354838,2,0.27586206896551724,0.0,0.2162950673544061,2024-11-04 08:11:35,2
0.023809783914876884,2023-03-13 16:25:34,1,14,0,0.7096774193548387,2,0.38620689655172413,0.0,0.28602043992285453,2024-11-04 08:07:18,2
0.15488103301361184,2023-03-09 16:31:54,1,36,1,0.16129032258064518,3,0.06551724137931035,0.0,0.0952655287551115,2024-11-04 08:10:46,1
0.09191264829906706,2023-06-14 16:30:42,1,37,0,0.8548387096774193,2,0.35172413793103446,0.0,0.39395420344062404,2024-11-04 08:12:09,2
0.11925648364613604,2023-11-27 16:43:28,0,10,1,0.3548387096774194,1,0.3896551724137931,0.0,0.44347426254336747,2024-11-04 08:07:12,0
0.07241801219165811,2023-08-21 16:28:17,1,28,0,0.04838709677419356,3,0.4586206896551724,0.0,0.048436419175048866,2024-11-04 08:08:40,1
0.08581681924446678,2023-11-15 16:54:44,0,9,1,0.3870967741935484,0,0.9620689655172414,0.0,0.9318570643979245,2024-11-04 08:10:30,0
0.07893443160217616,2023-07-17 16:48:23,1,0,2,0.03225806451612906,3,0.5137931034482759,0.0,0.05143390703955892,2024-11-04 08:10:54,1
0.3511984094037449,2023-05-03 17:04:32,1,1,0,0.7419354838709677,0,0.2862068965517241,0.0,0.06276372548953703,2024-11-04 08:07:46,2
0.760492910048286,2023-11-20 16:51:14,1,12,1,0.3709677419354839,0,0.9896551724137931,0.0,0.890405820463989,2024-11-04 08:09:15,0
0.1135102361860648,2023-07-10 16:51:12,1,28,2,0.22580645161290325,0,0.0896551724137931,0.0,0.5631095894739037,2024-11-04 08:11:43,0
0.1612663593261815,2023-11-23 18:00:00,1,23,0,0.6612903225806451,2,0.0896551724137931,0.0,0.4153365972496251,2024-11-04 08:07:08,2
0.016370250606305578,2023-11-06 17:53:25,1,2,0,0.4193548387096775,0,0.30689655172413793,0.0,0.025472932866086442,2024-11-04 08:12:06,1
0.09830889903646574,2023-07-03 17:03:48,1,31,1,0.6451612903225806,1,0.46206896551724136,0.0,0.5599050537820176,2024-11-04 08:09:17,0
0.007346675697524526,2023-05-30 17:54:22,0,10,2,0.32258064516129037,1,0.47586206896551725,0.0,0.5539598233102243,2024-11-04 08:11:17,0
0.05259018112696367,2023-03-13 17:26:17,1,27,1,0.6451612903225806,2,0.29310344827586204,0.0,0.47594245414865366,2024-11-04 08:10:31,2
0.05504817671349604,2023-07-10 18:16:07,1,35,0,0.14516129032258068,3,0.5172413793103449,0.0,0.10711162230711782,2024-11-04 08:06:43,1
0.02152111691319452,2023-05-18 16:16:53,1,41,1,0.5483870967741935,1,0.5482758620689655,0.0,0.5643491875053359,2024-11-04 08:07:20,0
0.054130525027857285,2023-05-09 16:55:54,1,39,0,0.3548387096774194,0,0.12413793103448274,0.0,0.07864590720896168,2024-11-04 08:09:15,1
0.06750748323100789,2023-08-25 18:47:28,1,19,2,0.6129032258064516,1,0.806896551724138,0.0,0.25930858125854156,2024-11-04 08:06:36,2
0.23305621709017021,2023-12-25 17:05:00,1,29,0,0.016129032258064557,3,0.8206896551724138,0.0,0.025140849662438097,2024-11-04 08:09:12,1
0.07290414909655006,2023-05-16 16:21:42,0,38,2,0.11290322580645162,3,0.3896551724137931,0.0,0.11898662188697207,2024-11-04 08:09:22,1
0.12133212436365225,2023-08-23 16:32:59,1,41,2,0.5,1,0.21724137931034482,0.0,0.20269108396932198,2024-11-04 08:10:52,2
0.11780899735628919,2023-06-05 16:06:43,0,41,2,0.06451612903225812,3,0.44827586206896547,0.0,0.11693429390976885,2024-11-04 08:10:45,1
0.0032991762983678907,2023-12-14 18:52:54,1,8,1,1.0,2,0.9413793103448276,1.0,0.5105933869730617,2024-11-04 08:12:13,2
0.07166422687845486,2023-05-15 16:37:12,1,5,1,0.7903225806451613,2,0.8551724137931035,0.0,0.43964925560255963,2024-11-04 08:11:30,2
0.11066442351810178,2023-05-22 17:24:46,0,22,1,0.6935483870967742,0,0.4793103448275862,0.0,0.5068671983135014,2024-11-04 08:08:54,2
0.14645830147042757,2023-06-26 18:25:14,1,24,0,0.12903225806451613,3,0.5551724137931034,0.0,0.0023218934927153453,2024-11-04 08:06:40,1
0.10628919137407415,2023-09-12 16:50:21,1,17,2,0.08064516129032262,3,0.41379310344827586,0.75,0.014630483490288584,2024-11-04 08:08:01,1
0.19312198212764098,2023-04-10 17:57:59,1,25,0,0.3870967741935484,0,0.4586206896551724,0.0,0.04057263513399961,2024-11-04 08:06:40,1
0.19891192728702836,2023-10-10 17:07:27,1,7,0,0.532258064516129,1,0.4689655172413793,0.0,0.5389649894224106,2024-11-04 08:09:16,0
0.1064366711092661,2023-07-25 17:42:45,1,21,0,0.4516129032258065,0,0.46206896551724136,0.0,0.4032693389729218,2024-11-04 08:10:40,0
0.12582206296838472,2023-09-04 16:41:19,1,33,1,1.0,2,0.6689655172413793,0.0,0.16531693442835643,2024-11-04 08:09:46,2
0.4036684218575892,2023-06-19 16:46:11,0,40,1,0.6451612903225806,0,0.1275862068965517,0.0,0.7934664310265204,2024-11-04 08:11:13,0
0.21307544407786932,2023-09-26 18:36:46,0,29,0,0.7419354838709677,0,0.17586206896551726,0.0,0.47013839265007107,2024-11-04 08:10:01,2
0.1320599095457624,2023-03-13 16:08:41,1,9,2,0.6451612903225806,1,0.393103448275862,0.0,0.2877514404277016,2024-11-04 08:07:12,2
0.132256549192685,2023-11-20 16:29:28,0,35,0,0.0,3,0.9,0.0,0.08245141938680232,2024-11-04 08:06:48,1
0.0736142367104372,2023-02-24 17:00:26,1,37,0,0.08064516129032262,3,0.5862068965517242,0.0,0.07904118033395202,2024-11-04 08:08:18,1
0.1055736415477725,2023-10-24 16:43:03,1,28,1,1.0,2,0.8862068965517241,0.0,0.19006116649939267,2024-11-04 08:08:26,2
0.42330507548777563,2023-08-07 16:40:02,0,0,2,0.6612903225806451,0,0.09655172413793102,0.0,0.39496322548247864,2024-11-04 08:07:01,2
0.1454641788109856,2023-09-26 17:07:06,1,12,0,0.8709677419354838,2,0.3103448275862069,0.0,0.5091978308378917,2024-11-04 08:09:17,2
0.08364832091590378,2023-03-31 17:36:57,1,23,0,0.435483870967742,1,0.46206896551724136,0.0,0.306235836886646,2024-11-04 08:08:08,2
0.5170967248574363,2023-12-11 17:19:07,1,5,1,0.5645161290322581,2,0.8310344827586207,0.0,0.36817607669911984,2024-11-04 08:07:11,2
0.0026546352334549587,2023-10-13 16:08:26,1,27,1,0.25806451612903225,1,0.27586206896551724,0.0,0.21449684352898238,2024-11-04 08:10:31,1
0.06491839454652713,2023-06-30 16:31:46,1,11,0,0.6290322580645161,1,0.41724137931034483,0.0,0.5307987004387666,2024-11-04 08:09:48,0
0.5988988179772335,2023-03-27 16:51:20,1,7,2,0.09677419354838712,3,0.4724137931034483,0.0,0.06666469478259644,2024-11-04 08:11:28,1
0.06525158950381263,2023-02-03 18:15:15,1,40,1,0.19354838709677424,1,0.3896551724137931,0.0,0.22406473874664812,2024-11-04 08:10:20,1
0.05852214380912846,2023-06-22 16:47:47,1,41,2,0.6451612903225806,0,0.07586206896551724,0.0,0.01625930454785931,2024-11-04 08:08:03,2
0.0631759487862964,2023-01-17 18:42:28,1,33,0,0.5645161290322581,2,0.16206896551724137,0.0,0.25511048488853366,2024-11-04 08:09:02,2
0.2391247350826979,2023-08-24 18:54:06,1,30,0,0.7903225806451613,2,0.8172413793103449,0.0,0.3533761904409783,2024-11-04 08:06:33,2
0.3698081671000022,2023-05-01 18:28:00,1,15,2,0.14516129032258068,1,0.9551724137931035,0.0,0.03533190506184882,2024-11-04 08:07:16,1
0.1615394699469073,2023-05-15 16:25:29,1,19,1,0.27419354838709675,0,0.8206896551724138,0.0,0.4918474917970743,2024-11-04 08:06:54,0
0.16322729358299284,2023-01-16 16:14:45,0,4,1,0.29032258064516125,1,0.25517241379310346,0.0,0.37060619973796355,2024-11-04 08:08:01,1
0.25195000983198235,2023-05-15 16:40:24,0,10,1,0.09677419354838712,3,0.11724137931034483,0.0,0.12725240138506932,2024-11-04 08:08:53,1
0.054764141667941184,2023-01-30 17:28:00,1,19,0,0.5161290322580645,1,0.3448275862068965,0.0,0.023608157953291894,2024-11-04 08:11:28,2
0.04647796543511984,2023-07-05 16:08:25,1,42,0,0.7741935483870968,2,0.5379310344827587,0.0,0.1392571419736364,2024-11-04 08:06:25,2
0.04342458869540519,2023-02-06 16:26:29,1,33,1,0.33870967741935487,1,0.5517241379310345,0.0,0.4268640522620984,2024-11-04 08:09:34,0
0.42508575673490795,2023-07-03 16:48:21,0,29,2,0.9193548387096775,2,0.33448275862068966,0.0,0.5116682878690813,2024-11-04 08:09:21,2
0.2109069457493063,2023-01-24 16:00:14,1,31,2,0.3870967741935484,1,0.43103448275862066,0.0,0.36476449317985804,2024-11-04 08:10:06,0
0.007663484017566475,2023-02-28 16:28:25,1,20,0,0.25806451612903225,1,0.4827586206896552,0.0,0.46483514488978406,2024-11-04 08:08:52,0
0.12701282527474927,2023-09-20 17:36:06,0,16,1,0.5967741935483871,2,0.46551724137931033,0.0,0.17203119968754604,2024-11-04 08:11:40,2
0.6758395420481111,2023-11-13 17:49:04,0,2,1,0.6774193548387097,1,0.5137931034482759,0.0,0.6257126512272626,2024-11-04 08:11:45,0
0.1604306408267605,2023-11-13 17:34:15,1,31,1,0.8064516129032258,2,0.493103448275862,0.0,0.48869001242959204,2024-11-04 08:08:57,2
0.07431886211190981,2023-10-11 18:50:24,1,24,2,0.016129032258064557,3,0.35517241379310344,0.0,0.010932528625370485,2024-11-04 08:09:24,1
0.13699228735607072,2023-12-06 17:27:14,1,7,2,0.29032258064516125,0,0.08275862068965517,0.0,0.6654745731151086,2024-11-04 08:10:13,0
0.027261902160851233,2023-09-18 16:57:44,0,34,0,0.9516129032258065,2,0.08620689655172413,0.0,0.5142543690116627,2024-11-04 08:10:59,2
0.01154711704428762,2023-12-26 16:07:28,1,14,1,0.25806451612903225,1,0.8551724137931035,0.0,0.6380777088141202,2024-11-04 08:11:40,0
0.03988507505079858,2023-03-10 17:33:12,1,4,1,0.04838709677419356,3,0.03793103448275863,0.0,0.08249713124479441,2024-11-04 08:10:57,1
0.038219100264371086,2023-09-13 16:18:07,1,22,0,0.32258064516129037,0,0.8620689655172414,0.0,0.7745961727074664,2024-11-04 08:07:16,0
0.3763628219974218,2023-01-06 17:30:07,1,12,0,0.06451612903225812,3,0.3103448275862069,0.0,0.004479762083223816,2024-11-04 08:07:49,1
0.4068091939959361,2023-08-03 17:42:02,1,13,2,0.16129032258064518,3,0.7620689655172415,0.0,0.003923825222055433,2024-11-04 08:09:15,1
0.029687124472896502,2023-12-04 16:10:04,1,25,0,0.6451612903225806,1,0.5172413793103449,0.0,0.47281119187619625,2024-11-04 08:07:19,2
0.029381240577683584,2023-04-25 16:53:22,1,21,1,0.14516129032258068,3,0.4689655172413793,0.0,0.024666925252373156,2024-11-04 08:11:34,1
0.058560379296030064,2023-04-12 17:39:29,1,2,2,0.7903225806451613,2,0.46206896551724136,0.0,0.49848108907157207,2024-11-04 08:12:09,2
0.3336592453407328,2023-10-18 18:32:31,1,11,0,0.03225806451612906,3,0.9379310344827586,0.75,0.05496447583624131,2024-11-04 08:11:12,1
0.11982455373724574,2023-11-10 16:06:27,1,5,0,0.4838709677419355,0,0.11724137931034483,0.0,0.5318325951092346,2024-11-04 08:07:29,0
0.05094059297777972,2023-08-14 17:41:24,1,30,2,0.532258064516129,1,0.3,0.0,0.18076350903044477,2024-11-04 08:08:04,2
0.15057134741855843,2023-09-18 18:47:52,0,26,1,0.7096774193548387,2,0.33448275862068966,0.0,0.11261116216348849,2024-11-04 08:07:39,2
0.2056686840437851,2023-01-30 17:47:18,1,25,1,0.8064516129032258,2,0.8793103448275862,0.0,0.5140526990499329,2024-11-04 08:08:44,2
0.38074897856627854,2023-05-11 16:30:04,1,1,2,0.8064516129032258,2,0.2793103448275862,0.0,0.12865333538588541,2024-11-04 08:11:18,2
0.1649041927942494,2023-10-18 17:47:52,1,18,2,1.0,2,0.4413793103448276,1.0,0.253728373417479,2024-11-04 08:07:38,2
0.24169197491752062,2023-10-16 17:47:41,1,36,1,0.08064516129032262,3,0.43448275862068964,0.0,0.1134776707657207,2024-11-04 08:09:45,1
0.3406454150188993,2023-08-08 17:44:21,1,38,0,0.14516129032258068,3,0.8241379310344827,0.0,0.040957152527697695,2024-11-04 08:10:15,1
0.2431503856321965,2023-11-20 16:27:31,1,14,0,0.27419354838709675,0,0.7758620689655172,0.5,0.8102063823165022,2024-11-04 08:08:08,0
0.03449387139767091,2023-11-24 17:29:06,1,13,0,0.12903225806451613,3,0.0896551724137931,0.0,0.09707181937900443,2024-11-04 08:07:15,1
0.18931482007472308,2023-11-03 18:33:50,1,18,0,0.4193548387096775,0,0.2689655172413793,0.0,0.47768555485120456,2024-11-04 08:10:25,0
0.003954641788109856,2023-02-17 16:08:54,1,9,2,0.7258064516129032,2,0.0896551724137931,0.0,0.4291254447662948,2024-11-04 08:11:28,2
0.11263081998732767,2023-11-27 18:26:02,1,41,0,0.7580645161290323,2,0.9275862068965518,0.0,0.2609730306760179,2024-11-04 08:06:44,2
0.23096965194782496,2023-07-25 18:41:02,1,8,0,0.6774193548387097,1,0.1275862068965517,0.0,0.02087821890467666,2024-11-04 08:10:58,2
0.019434551770849268,2023-03-28 17:23:54,0,7,2,0.5806451612903226,2,0.5586206896551724,0.0,0.3155092939601863,2024-11-04 08:10:57,2
0.04825318446983766,2023-02-14 17:01:44,0,33,1,0.16129032258064518,3,0.3275862068965517,0.0,0.009705030791641991,2024-11-04 08:08:47,1
0.7816644453669515,2023-09-04 18:46:40,1,28,0,0.0,3,0.5448275862068966,0.0,0.06426078883877766,2024-11-04 08:11:20,1
0.012126111560226357,2023-05-17 16:03:51,1,27,2,0.5806451612903226,2,0.23448275862068962,0.0,0.4389212270407152,2024-11-04 08:07:46,2
0.18278201402696148,2023-07-20 18:23:13,1,13,2,0.04838709677419356,3,0.8620689655172414,0.0,0.10483342397277727,2024-11-04 08:08:44,1
0.1742500382354869,2023-07-20 16:58:05,0,29,2,0.5806451612903226,2,0.16896551724137931,0.0,0.36312760532381816,2024-11-04 08:06:35,2
0.07867770761869389,2023-12-08 17:24:44,1,28,0,0.0,3,0.2689655172413793,0.0,0.014116225087877687,2024-11-04 08:10:39,1
0.19032532937140859,2023-05-02 17:13:45,0,14,1,0.8225806451612903,2,0.4793103448275862,0.0,0.15752978497276449,2024-11-04 08:06:58,2
0.19988966330922678,2023-01-12 17:57:06,1,28,0,0.7096774193548387,0,0.5896551724137932,0.0,0.723376035827341,2024-11-04 08:11:36,0
0.05399396971749437,2023-05-01 16:58:41,1,30,2,0.5967741935483871,2,0.006896551724137931,0.0,0.3571353185276211,2024-11-04 08:09:35,2
0.2944624090541633,2023-05-22 17:34:50,1,25,0,0.5967741935483871,2,0.40344827586206894,0.0,0.25660754823777426,2024-11-04 08:11:49,2
0.10308833489916756,2023-06-08 16:43:06,1,28,1,0.6451612903225806,1,0.2827586206896551,0.0,0.48489122258380907,2024-11-04 08:07:32,2
0.7736841530293431,2023-01-16 17:00:11,1,26,0,0.4516129032258065,1,0.16551724137931034,0.0,0.24459406861753227,2024-11-04 08:11:35,2
0.3877515348816885,2023-03-08 16:20:43,1,12,0,0.12903225806451613,3,0.7482758620689656,0.0,0.02443097139714933,2024-11-04 08:12:20,1
0.16846555528851406,2023-02-27 17:14:10,1,25,2,0.5645161290322581,0,0.5517241379310345,0.0,0.6648493962337464,2024-11-04 08:10:16,0
0.09090213900238153,2023-03-27 18:47:56,1,23,0,0.6290322580645161,2,0.44482758620689655,0.0,0.33873764015222046,2024-11-04 08:12:19,2
0.2758034914461754,2023-03-14 16:25:04,1,18,0,0.19354838709677424,0,0.4068965517241379,1.0,0.3512068938859718,2024-11-04 08:10:19,1
0.036225392733072605,2023-12-04 17:06:43,1,33,1,0.08064516129032262,3,0.2379310344827586,0.0,0.10312864056295498,2024-11-04 08:08:48,1
0.12190019445476197,2023-02-08 17:59:42,1,9,1,0.9516129032258065,2,0.5793103448275863,0.0,0.5263727170120042,2024-11-04 08:09:38,2
0.3603366907732308,2023-09-20 16:59:45,1,11,2,0.6774193548387097,1,0.3586206896551724,0.0,0.2571621406325311,2024-11-04 08:06:26,2
0.3466319998252092,2023-08-10 16:28:55,1,6,0,0.14516129032258068,3,0.1206896551724138,0.0,0.03269070079639468,2024-11-04 08:08:00,1
0.15635036815311676,2023-10-23 16:58:04,0,4,1,0.19354838709677424,1,0.1724137931034483,0.0,0.5657346601424195,2024-11-04 08:09:17,0
0.17626559461644345,2023-11-27 16:21:20,0,30,1,0.935483870967742,2,0.5448275862068966,0.0,0.1545726311006004,2024-11-04 08:11:24,2
0.3573488605824904,2023-08-07 16:37:06,1,8,1,0.016129032258064557,3,0.3586206896551724,0.0,0.44866255842546854,2024-11-04 08:10:17,1
0.08614455198933776,2023-06-21 16:00:51,1,30,1,0.4838709677419355,0,0.44827586206896547,0.0,0.36486936155995753,2024-11-04 08:10:06,2
0.1390187681618563,2023-01-18 16:47:29,1,10,1,0.6290322580645161,1,0.16206896551724137,0.0,0.39612484446204205,2024-11-04 08:07:07,2
0.4346282418230681,2023-09-28 17:53:43,1,33,2,0.7580645161290323,2,0.3758620689655172,0.0,0.3607458830757896,2024-11-04 08:08:26,2
0.08138150276387948,2023-04-10 16:38:45,1,29,0,0.33870967741935487,1,0.4551724137931034,0.0,0.3747915236770619,2024-11-04 08:07:41,0
0.037104808931809743,2023-03-14 16:07:32,0,14,2,0.3548387096774194,0,0.6172413793103448,0.0,0.6583112560744674,2024-11-04 08:07:50,0
0.0203795145185606,2023-04-26 18:35:50,1,12,0,0.6290322580645161,2,0.11034482758620691,0.0,0.5134073551723977,2024-11-04 08:09:21,0
0.06922808014158055,2023-09-15 17:09:41,0,26,1,0.016129032258064557,3,0.2,1.0,0.02211378353687435,2024-11-04 08:10:12,1
0.24474535165723524,2023-05-01 16:11:56,1,1,0,0.11290322580645162,3,0.5206896551724138,0.0,0.055122450639596296,2024-11-04 08:09:44,1
0.609703074133147,2023-09-18 17:44:50,1,36,0,0.532258064516129,1,0.15517241379310343,0.0,0.02321422929471309,2024-11-04 08:11:35,2
0.004582796215779239,2023-06-05 17:08:37,1,19,2,0.4838709677419355,0,0.906896551724138,0.0,0.7176862539737386,2024-11-04 08:09:03,0
0.29471367082523103,2023-02-21 16:14:16,1,37,2,0.4516129032258065,1,0.5758620689655173,0.0,0.1310216129697986,2024-11-04 08:09:05,2
0.19842579038213637,2023-01-18 17:03:54,1,18,0,0.7258064516129032,2,0.4551724137931034,0.0,0.06296875661729563,2024-11-04 08:10:57,2
0.03530774104743386,2023-02-14 16:23:39,0,11,1,0.532258064516129,2,0.21379310344827585,0.0,0.4539194220945577,2024-11-04 08:10:18,0
0.19550350674037012,2023-04-10 16:44:52,1,4,0,0.0,3,0.506896551724138,0.0,0.034798824129676484,2024-11-04 08:07:58,1
0.09118617404793637,2023-01-18 17:53:37,1,35,1,0.19354838709677424,0,0.25517241379310346,0.0,0.754153560920126,2024-11-04 08:06:52,0
0.06644781402259171,2023-06-26 18:39:52,1,6,1,0.6774193548387097,0,0.4241379310344827,0.0,0.968593936859824,2024-11-04 08:08:59,0
0.07500163866372435,2023-12-11 17:26:22,1,21,2,0.5806451612903226,1,0.2068965517241379,0.0,0.33621542116418696,2024-11-04 08:11:22,2
0.2918787825820971,2023-12-05 17:51:28,1,28,2,0.5967741935483871,0,0.1206896551724138,0.0,0.9203766657098549,2024-11-04 08:06:35,0
0.2532609408114663,2023-03-13 16:41:12,1,23,2,0.5161290322580645,1,0.6517241379310346,0.0,0.15469363307763825,2024-11-04 08:09:14,2
0.17472525071554984,2023-01-31 16:58:42,1,25,2,0.6774193548387097,2,0.296551724137931,0.0,0.19990669403103972,2024-11-04 08:07:40,2
0.11725731390242304,2023-05-15 17:02:15,1,0,2,0.16129032258064518,3,0.14482758620689656,0.0,0.5198513826828693,2024-11-04 08:08:51,0
0.3603749262601324,2023-10-12 16:57:36,1,26,1,0.03225806451612906,3,0.25517241379310346,0.0,0.020989137383628034,2024-11-04 08:08:35,1
0.18874674998361338,2023-06-26 16:10:57,1,33,1,0.3548387096774194,1,0.43103448275862066,0.0,0.40432138393994543,2024-11-04 08:12:14,0
0.07826257947519064,2023-10-16 16:06:05,1,30,0,0.8548387096774193,2,0.24137931034482757,0.0,0.40101534103398884,2024-11-04 08:08:22,2
0.5806277174506762,2023-01-17 16:48:10,0,29,2,0.04838709677419356,3,0.4068965517241379,0.0,0.07653442270965106,2024-11-04 08:07:39,1
0.2957951888833053,2023-08-11 16:43:45,1,23,0,0.06451612903225812,3,0.396551724137931,0.0,0.09087786262107761,2024-11-04 08:11:29,1
0.02201817824291551,2023-02-13 17:02:27,1,8,1,0.12903225806451613,3,0.18275862068965515,0.0,0.09241257102984113,2024-11-04 08:06:37,1
0.06553562454936747,2023-08-28 16:52:22,1,25,1,0.0,3,0.41724137931034483,0.25,0.12375342754905794,2024-11-04 08:08:20,1
0.2722421289519107,2023-12-05 16:19:23,1,24,2,0.16129032258064518,3,0.806896551724138,0.0,0.10875187132918657,2024-11-04 08:08:24,1
0.12397037295986367,2023-03-27 18:52:04,1,12,0,0.5645161290322581,0,0.7241379310344828,0.0,0.049114702479666636,2024-11-04 08:11:56,2
0.6459612401407065,2023-12-11 16:06:51,1,40,2,0.19354838709677424,1,0.08275862068965517,0.0,0.5104912075257853,2024-11-04 08:08:58,0
0.03232537306910791,2023-06-13 17:52:56,1,6,2,0.27419354838709675,1,0.5724137931034483,0.0,0.36097780353177883,2024-11-04 08:06:34,1
0.12574012978216698,2023-04-25 17:33:27,1,23,2,0.016129032258064557,3,0.5827586206896552,0.0,0.004055582930385546,2024-11-04 08:08:50,1
0.035411523083309665,2023-02-28 17:58:02,0,39,2,0.4193548387096775,1,0.5137931034482759,0.0,0.62307279142822,2024-11-04 08:09:41,0
0.24953024973235158,2023-05-25 16:52:57,0,26,2,0.5967741935483871,1,0.18275862068965515,0.0,0.5692887571013036,2024-11-04 08:08:45,0
0.30138303218335555,2023-11-30 16:51:46,0,6,0,0.4193548387096775,1,0.3103448275862069,0.0,0.028225727843697722,2024-11-04 08:09:25,1
0.20584893705346416,2023-08-14 17:12:27,1,15,0,0.25806451612903225,1,0.17586206896551726,0.0,0.0493735122638865,2024-11-04 08:11:40,1
0.11159299962856956,2023-09-11 17:51:17,0,36,1,0.0,3,0.5827586206896552,0.0,0.017647466117765853,2024-11-04 08:10:26,1
0.2294238458345168,2023-05-17 17:28:25,1,42,1,0.27419354838709675,0,0.46206896551724136,0.0,0.5683812422735196,2024-11-04 08:09:01,0
0.05289060280976207,2023-04-10 18:26:56,1,13,0,0.09677419354838712,3,0.6620689655172414,0.75,0.09931371712023362,2024-11-04 08:06:33,1
0.06791168694968211,2023-05-05 17:32:18,1,5,1,0.14516129032258068,3,0.5551724137931034,0.0,0.0018210797544197651,2024-11-04 08:09:21,1
0.040212807795669554,2023-01-02 16:27:18,1,5,2,0.33870967741935487,0,0.08275862068965517,0.0,0.428361115611339,2024-11-04 08:09:09,0
0.057844829469728416,2023-04-14 17:21:48,1,31,0,0.6129032258064516,0,0.9206896551724139,0.75,0.49648388421724166,2024-11-04 08:08:51,2
0.1341901723874238,2023-06-06 18:53:35,1,14,1,0.5806451612903226,1,0.5586206896551724,0.0,0.5300175654536667,2024-11-04 08:11:58,0
0.3398315453691363,2023-12-11 16:57:41,1,16,0,0.7419354838709677,0,0.396551724137931,0.0,0.4853396021320549,2024-11-04 08:07:48,2
0.023744237365902685,2023-04-03 16:43:29,1,29,0,0.25806451612903225,0,0.46551724137931033,0.0,0.6606190326698617,2024-11-04 08:10:33,0
0.7005833642858703,2023-05-15 16:52:40,1,2,1,0.016129032258064557,3,0.2,0.0,0.1162143321463936,2024-11-04 08:07:32,1
0.0009668115973693986,2024-01-01 16:07:05,0,11,0,0.24193548387096775,1,0.06206896551724138,0.0,0.19562725744313414,2024-11-04 08:08:50,1
0.4208033822019271,2023-07-05 17:49:26,1,17,2,0.20967741935483875,0,0.4379310344827586,0.0,0.4770570168038135,2024-11-04 08:09:01,0
0.14204483383949837,2023-02-28 16:46:55,1,2,1,0.7258064516129032,0,0.35517241379310344,0.0,0.7312673814298266,2024-11-04 08:12:03,0
0.19436736655815073,2023-10-25 16:13:39,0,13,1,0.12903225806451613,3,0.6103448275862069,0.0,0.051503147059752806,2024-11-04 08:11:02,1
0.014644191483318405,2023-03-06 17:39:01,0,41,1,1.0,2,0.09999999999999999,0.0,0.246782859935506,2024-11-04 08:09:57,2
0.0653444471148594,2023-12-19 17:11:31,1,40,0,0.7903225806451613,0,0.1724137931034483,0.0,0.4433761164953257,2024-11-04 08:09:02,2
0.0579704603552623,2023-02-13 18:42:09,1,41,2,0.30645161290322587,0,0.9344827586206896,0.0,0.6257677743501354,2024-11-04 08:10:32,0
0.006434486224300291,2023-11-15 16:08:52,1,13,2,0.30645161290322587,1,0.16551724137931034,0.0,0.41080977884199765,2024-11-04 08:08:25,0
0.19961109047608644,2023-01-27 16:35:40,1,15,1,0.04838709677419356,3,0.3620689655172414,0.25,0.017920392799306795,2024-11-04 08:10:17,1
0.015905962551071684,2023-02-15 16:30:09,0,3,1,0.16129032258064518,3,0.18275862068965515,0.0,0.1049429979853171,2024-11-04 08:11:08,1
0.17456684655552887,2023-07-26 16:44:22,1,10,0,0.6774193548387097,0,0.47586206896551725,0.0,0.04096992495860725,2024-11-04 08:07:45,2
0.19111188795909895,2023-03-24 18:50:42,0,20,2,0.9193548387096775,2,0.09655172413793102,0.0,0.15468422181275754,2024-11-04 08:08:40,2
0.08940549280080404,2023-08-03 18:49:37,0,41,1,0.5483870967741935,2,0.21724137931034482,0.0,0.39360396994042,2024-11-04 08:09:51,2
0.09300509078197033,2023-02-06 18:59:44,1,28,1,0.09677419354838712,3,0.16551724137931034,0.0,0.04697632865212537,2024-11-04 08:09:49,1
0.022520701785051018,2023-04-24 16:47:20,1,0,2,0.09677419354838712,3,0.010344827586206896,0.0,0.055535201827936545,2024-11-04 08:12:03,1
0.06618562782669493,2023-03-21 16:20:33,0,34,1,0.5483870967741935,1,0.803448275862069,0.0,0.4882483552134038,2024-11-04 08:07:28,0
0.1912866787563635,2023-12-08 16:16:02,1,26,1,0.532258064516129,2,0.5344827586206897,0.0,0.3856722903455884,2024-11-04 08:06:32,2
0.12025060630557802,2023-09-04 16:42:49,0,12,2,0.12903225806451613,1,0.49999999999999994,0.0,0.33711016356106127,2024-11-04 08:10:04,1
0.018134545216194366,2023-02-20 16:52:03,1,39,0,0.8709677419354838,2,0.3482758620689655,0.0,0.23789459248886954,2024-11-04 08:09:12,2
0.05709650636893968,2023-08-07 16:06:32,1,10,0,0.8387096774193548,0,0.7344827586206897,0.0,0.08402847848752908,2024-11-04 08:10:07,2
0.13437588760951738,2023-12-27 16:48:30,1,14,2,0.1774193548387097,0,0.45172413793103444,0.0,0.48385060558128345,2024-11-04 08:10:57,0
0.02654089012213507,2023-12-08 16:45:12,1,9,0,0.016129032258064557,3,0.5724137931034483,0.0,0.09420407252320719,2024-11-04 08:07:15,1
0.18120343463916624,2023-04-27 16:27:41,1,5,0,0.8225806451612903,2,0.02413793103448276,0.0,0.3926467098554094,2024-11-04 08:07:03,2
0.06436671109266097,2023-10-31 16:49:13,1,22,2,0.5806451612903226,1,0.5413793103448277,0.0,0.05333901594469941,2024-11-04 08:09:14,2
0.0460628372916166,2023-04-19 16:54:46,0,19,1,0.7903225806451613,0,0.0,0.0,0.374225503317807,2024-11-04 08:07:12,2
0.1613428302999847,2023-12-14 17:31:18,1,17,2,0.04838709677419356,3,0.2482758620689655,0.0,0.06451825415658598,2024-11-04 08:10:41,1
0.2807959535930434,2023-06-02 16:27:08,1,30,1,0.11290322580645162,3,0.5172413793103449,0.0,0.10021249291634261,2024-11-04 08:12:17,1
0.051525049706132975,2023-12-01 17:04:00,1,42,2,0.33870967741935487,0,0.08275862068965517,0.0,0.40802471667050966,2024-11-04 08:10:37,0
0.04379055692717779,2023-01-04 16:09:43,1,8,1,0.6612903225806451,2,0.506896551724138,0.0,0.3956408365538906,2024-11-04 08:08:18,2
0.02949048482597391,2023-07-31 16:51:50,1,41,2,0.8064516129032258,0,0.09310344827586207,0.0,0.9869143084165615,2024-11-04 08:08:53,0
0.0975660381480915,2023-06-19 17:31:08,0,9,1,0.935483870967742,2,0.2862068965517241,0.75,0.3096366646746156,2024-11-04 08:12:10,2
0.2832648736044048,2023-10-23 18:37:47,1,18,2,0.06451612903225812,3,0.2482758620689655,0.0,0.11453509359839043,2024-11-04 08:06:37,1
0.005675238698682515,2023-04-24 16:24:49,1,21,2,0.5806451612903226,0,0.5206896551724138,0.0,0.8832149418619113,2024-11-04 08:10:21,0
0.058320041949791346,2023-03-06 18:27:13,1,24,1,0.14516129032258068,3,0.21724137931034482,0.0,0.08778491764134881,2024-11-04 08:12:13,1
0.07609408114662763,2023-11-17 17:59:11,1,13,0,0.016129032258064557,3,0.8724137931034484,0.5,0.01139973070337777,2024-11-04 08:07:23,1
0.18891061635604886,2023-01-04 17:00:17,1,9,1,0.3709677419354839,1,0.7000000000000001,0.0,0.6352227343892325,2024-11-04 08:08:03,0
0.07526928707203566,2023-07-25 17:21:53,1,5,1,0.4193548387096775,1,0.5137931034482759,0.0,0.06509032461469275,2024-11-04 08:06:52,1
0.08617186305141035,2023-09-20 17:09:14,1,27,0,0.5,1,0.3793103448275862,0.0,0.6232973173189458,2024-11-04 08:09:57,0
0.4532270750944963,2023-07-21 16:43:59,0,6,2,0.7741935483870968,2,0.296551724137931,0.0,0.2790426592470047,2024-11-04 08:11:27,2
0.06020996744521401,2023-10-31 17:06:47,1,33,2,0.6290322580645161,0,0.13103448275862067,0.0,0.6978943639295796,2024-11-04 08:12:20,0
0.17978325941139198,2023-12-25 16:30:09,1,10,2,0.25806451612903225,0,0.2,0.0,0.6376716799578376,2024-11-04 08:07:55,0
0.3469269592955931,2023-09-19 16:55:00,1,10,0,0.467741935483871,0,0.3310344827586207,0.0,0.07635964207615192,2024-11-04 08:11:45,2
0.42043195175774,2023-02-16 18:56:44,1,36,1,0.06451612903225812,3,0.044827586206896544,0.0,0.07681810512248427,2024-11-04 08:09:51,1
0.09548493521816076,2023-09-04 17:46:20,1,7,1,0.12903225806451613,3,0.5482758620689655,0.0,0.06305883586686825,2024-11-04 08:08:15,1
0.003850859752234045,2023-06-26 16:04:11,1,19,1,0.967741935483871,2,0.9379310344827586,0.0,0.3801794728212754,2024-11-04 08:07:15,2
0.017632021674058862,2023-07-04 16:25:35,1,28,2,0.11290322580645162,3,0.5965517241379311,0.75,0.09698174012943181,2024-11-04 08:07:01,1
0.030511918547488474,2023-09-13 18:49:55,1,12,0,0.19354838709677424,0,0.3172413793103448,0.0,0.5873617468383192,2024-11-04 08:09:30,0
0.23183814372173306,2023-01-30 17:37:14,0,24,2,0.6129032258064516,2,0.5793103448275863,0.0,0.4125959024697176,2024-11-04 08:08:25,2
0.019374467434289583,2023-06-12 16:48:03,1,24,1,0.7580645161290323,0,0.2655172413793103,0.0,0.6030583921929525,2024-11-04 08:11:09,2
0.0017369835478162074,2023-01-19 17:24:30,1,13,0,0.967741935483871,2,0.3379310344827586,0.0,0.5014274872124439,2024-11-04 08:12:20,2
0.7330234438156832,2023-04-28 18:11:55,0,13,1,0.04838709677419356,3,0.7758620689655172,0.0,0.039784777816842004,2024-11-04 08:08:00,1
0.07579912167624375,2023-08-30 18:00:09,0,20,2,0.5161290322580645,1,0.24482758620689654,0.0,0.1461683715621154,2024-11-04 08:11:29,2
0.13910070134807404,2023-09-18 16:04:06,0,35,0,0.16129032258064518,1,0.5482758620689655,0.0,0.18075813116479866,2024-11-04 08:07:18,1
0.06273350958072058,2023-05-05 17:34:22,1,0,2,0.16129032258064518,1,0.44482758620689655,0.0,0.6525213114732058,2024-11-04 08:10:18,0
0.09332189910201229,2023-05-15 16:52:24,1,37,0,0.6290322580645161,2,0.5551724137931034,0.0,0.4182561060622663,2024-11-04 08:08:40,2
0.09191811051148158,2023-02-02 16:13:13,1,28,0,0.8387096774193548,0,0.4551724137931034,0.25,0.8943256122868097,2024-11-04 08:08:14,0
0.22296751076055846,2023-03-01 16:17:46,1,33,1,0.7419354838709677,2,0.06206896551724138,0.0,0.20426410967081415,2024-11-04 08:08:20,2
0.6347964779654351,2023-08-23 16:35:42,0,11,2,0.19354838709677424,0,0.1206896551724138,0.0,0.6893791859121432,2024-11-04 08:09:09,0
0.18675850466472943,2023-12-14 16:09:42,0,27,1,0.04838709677419356,3,0.8172413793103449,0.0,0.0241755227789583,2024-11-04 08:08:32,1
0.3170541196006031,2023-09-20 16:37:48,1,30,0,0.5645161290322581,1,0.29310344827586204,0.0,0.37428600430632597,2024-11-04 08:10:54,2
0.4486005811794009,2023-08-22 18:11:16,0,1,1,0.9838709677419355,2,0.0896551724137931,0.0,0.26473350322907224,2024-11-04 08:11:57,2
0.13830868054796916,2023-06-14 17:07:08,1,1,1,0.03225806451612906,3,0.7862068965517242,0.0,0.007953191057416112,2024-11-04 08:08:12,1
0.012317288994734428,2023-05-29 17:53:03,1,27,2,0.7096774193548387,2,0.22413793103448276,0.0,0.23747041333603128,2024-11-04 08:07:59,2
0.1454641788109856,2023-07-03 17:56:59,0,4,2,0.33870967741935487,1,0.296551724137931,0.0,0.47582548557085036,2024-11-04 08:07:10,0
0.20447792173742055,2023-08-29 18:30:36,0,23,2,0.9193548387096775,2,0.09310344827586207,0.0,0.08655069747556265,2024-11-04 08:11:24,2
0.1852181607638358,2023-02-03 16:08:47,0,4,0,0.967741935483871,2,0.2068965517241379,0.0,0.32942788248556887,2024-11-04 08:08:17,2
0.44249382769997164,2023-01-17 16:59:03,1,8,0,0.03225806451612906,3,0.19655172413793104,0.0,0.6142141022426373,2024-11-04 08:07:19,0
0.005227337280692172,2023-07-24 17:04:17,1,22,0,0.09677419354838712,3,0.26206896551724135,0.0,0.03792874193572241,2024-11-04 08:09:03,1
0.07390919618082108,2023-06-14 17:17:34,0,4,1,0.532258064516129,0,0.36551724137931035,0.0,0.7562247114270907,2024-11-04 08:11:44,0
0.18560051563285196,2023-10-27 17:26:53,1,11,0,0.4032258064516129,1,0.09310344827586207,0.0,0.47943336118619584,2024-11-04 08:07:43,0
0.15468439336668924,2023-10-17 17:24:47,1,7,1,0.14516129032258068,1,0.40344827586206894,0.0,0.13090464439199534,2024-11-04 08:08:51,1
0.05502086565142345,2023-05-29 16:20:29,1,27,0,0.8064516129032258,0,0.3586206896551724,0.0,0.5890826638450799,2024-11-04 08:09:12,2
0.049498568900347394,2023-02-20 16:48:49,1,0,1,0.0,3,0.5724137931034483,0.0,0.25587010841104907,2024-11-04 08:07:13,1
0.3577148288142629,2023-01-02 16:22:54,1,39,0,0.12903225806451613,1,0.8758620689655173,0.0,0.36873604695952283,2024-11-04 08:07:15,1
0.174949201424545,2023-05-01 17:11:47,1,25,2,0.5161290322580645,1,0.37241379310344824,0.0,0.02262400854005065,2024-11-04 08:08:14,2
0.02253162620988005,2023-10-04 16:47:33,1,31,2,0.16129032258064518,3,0.13103448275862067,0.0,0.03410911286056069,2024-11-04 08:11:54,1
0.03892918787825821,2023-10-30 16:49:25,0,17,1,0.8064516129032258,2,0.09999999999999999,0.0,0.15404425580086842,2024-11-04 08:12:00,2
0.25501431099652605,2023-09-28 17:18:26,0,18,1,0.5806451612903226,2,0.1206896551724138,0.0,0.256298320963122,2024-11-04 08:06:58,2
0.12843846271493806,2023-09-26 17:02:25,1,11,1,0.16129032258064518,3,0.2068965517241379,0.0,0.04814265326412918,2024-11-04 08:10:13,1
0.08688195066529747,2023-01-16 18:57:13,1,39,1,0.0,3,0.3103448275862069,0.0,0.013595244353409131,2024-11-04 08:10:32,1
0.02762240818020931,2023-12-18 16:06:14,0,30,2,0.19354838709677424,0,0.13103448275862067,0.0,0.6353423918998589,2024-11-04 08:10:06,0
0.030932508903406236,2023-02-03 18:03:56,0,15,1,0.6612903225806451,1,0.1586206896551724,0.0,0.19713037089122665,2024-11-04 08:09:52,2
0.010902575979374687,2023-03-10 18:26:19,1,17,0,0.4032258064516129,1,0.4413793103448276,0.0,0.36388790107953933,2024-11-04 08:06:32,0
0.027387533046385106,2023-03-27 17:02:44,1,35,1,0.29032258064516125,0,0.25517241379310346,0.0,0.10586395747721636,2024-11-04 08:07:17,1
0.040212807795669554,2023-05-08 17:42:36,1,20,1,0.5645161290322581,2,0.41724137931034483,0.0,0.26575731440145367,2024-11-04 08:08:11,2
0.06519150516725294,2023-03-14 16:21:01,1,36,0,0.24193548387096775,0,0.14827586206896554,0.0,0.6586366169460581,2024-11-04 08:07:28,0
0.6777458541807774,2023-11-21 16:26:41,1,24,1,0.0,3,0.4103448275862069,0.0,0.04400035225019983,2024-11-04 08:11:48,1
0.06353645480565448,2023-08-31 16:38:18,1,33,1,0.4032258064516129,1,0.8172413793103449,0.0,0.16930462180495962,2024-11-04 08:06:50,1
0.08521051366645546,2023-01-02 17:49:44,0,41,1,0.4516129032258065,1,0.5172413793103449,0.0,0.5211084587776516,2024-11-04 08:09:29,0
0.23309445257707184,2023-07-31 17:04:29,0,28,1,0.5,1,0.5275862068965518,0.0,0.5479675365140272,2024-11-04 08:07:30,0
0.03676615176210972,2023-08-17 16:44:38,1,5,1,0.30645161290322587,1,0.33448275862068966,0.0,0.17907754815038396,2024-11-04 08:11:15,1
0.17808451135047743,2023-12-06 17:10:35,1,10,2,0.6129032258064516,1,0.5827586206896552,0.0,0.5424290071317222,2024-11-04 08:10:44,0
0.08646682252179423,2023-02-28 17:28:13,1,34,0,0.24193548387096775,0,0.3103448275862069,0.0,0.3562170479685449,2024-11-04 08:10:48,1
0.030457296423343314,2023-06-19 17:50:29,1,22,2,0.14516129032258068,3,0.4551724137931034,0.0,0.23163946250921802,2024-11-04 08:07:58,1
0.13404815486464638,2023-01-02 18:35:07,0,32,1,0.09677419354838712,3,0.33448275862068966,0.0,0.04369851954081095,2024-11-04 08:07:45,1
0.08298193100133279,2023-08-07 16:57:22,0,20,2,0.33870967741935487,1,0.5724137931034483,0.75,0.15848838952418665,2024-11-04 08:10:50,1
0.06231838143721733,2023-11-27 16:16:19,0,12,1,0.3709677419354839,1,0.03793103448275863,0.0,0.02466558078596162,2024-11-04 08:10:13,1
0.2754976075509625,2023-11-13 17:07:10,1,32,2,0.6774193548387097,1,0.5448275862068966,0.0,0.2489924904828584,2024-11-04 08:07:50,2
0.06880202757324827,2023-05-04 16:25:15,1,1,0,0.4516129032258065,1,0.23103448275862065,0.75,0.40543796329472254,2024-11-04 08:07:41,0
0.44784133365378315,2023-12-18 16:33:01,1,18,1,0.467741935483871,0,0.5896551724137932,0.0,0.5848946509731584,2024-11-04 08:10:34,0
0.00442985426817278,2023-01-12 16:21:27,1,7,0,0.7258064516129032,2,0.43103448275862066,0.0,0.06750162512377494,2024-11-04 08:11:23,2
0.10773121545150649,2023-07-03 16:36:45,0,14,2,0.5645161290322581,2,0.06896551724137931,0.0,0.3296046798186853,2024-11-04 08:06:40,2
0.34833074788612384,2023-10-23 17:17:18,1,27,1,0.6451612903225806,2,0.27586206896551724,0.0,0.527489968599987,2024-11-04 08:07:56,0
0.007242893661648714,2023-05-15 16:51:28,1,39,0,0.12903225806451613,3,0.1896551724137931,0.0,0.010592378623252952,2024-11-04 08:06:30,1
0.2358801809084752,2023-03-20 16:28:17,1,37,0,0.5,1,0.7931034482758621,0.0,0.13526004333215247,2024-11-04 08:10:16,2
0.20478380563263346,2023-06-08 17:20:53,1,13,0,0.532258064516129,1,0.19310344827586207,0.25,0.36254209020159606,2024-11-04 08:11:26,2
0.350903449933361,2023-02-17 16:57:11,1,14,1,0.5161290322580645,0,0.28965517241379307,0.0,0.5619372147630479,2024-11-04 08:08:38,0
0.04270357665668902,2023-11-21 17:25:30,0,38,2,0.5483870967741935,2,0.9724137931034483,0.0,0.45501045658751577,2024-11-04 08:10:39,0
0.07617601433284538,2023-01-16 17:53:00,1,22,1,0.5,1,0.6586206896551724,0.0,0.33320112746953273,2024-11-04 08:08:24,2
0.27296314099062685,2023-08-02 16:01:17,1,38,1,0.20967741935483875,1,0.9862068965517242,0.0,0.5904089799600559,2024-11-04 08:09:05,0
0.005358430378640565,2023-01-17 16:47:41,1,0,2,0.09677419354838712,3,0.13448275862068965,0.0,0.028812587432331324,2024-11-04 08:08:57,1
0.06574318862111911,2023-02-27 16:37:11,1,33,0,0.08064516129032262,3,0.2586206896551724,0.0,0.623652928684796,2024-11-04 08:06:39,0
0.3158415084445804,2023-10-16 17:46:51,1,26,1,0.6612903225806451,2,0.5862068965517242,0.0,0.42840951640215413,2024-11-04 08:06:50,2
0.06502217658240293,2023-08-28 16:08:54,1,23,1,0.25806451612903225,1,0.041379310344827586,1.0,0.014576704833827316,2024-11-04 08:08:55,1
0.15330245362581663,2024-01-01 18:21:50,1,31,2,0.3709677419354839,0,0.5448275862068966,0.0,0.3493360688743254,2024-11-04 08:06:41,0
0.02302868753960104,2023-06-01 17:19:57,1,34,2,0.04838709677419356,3,0.3172413793103448,0.0,0.02610752101232943,2024-11-04 08:09:11,1
0.04193340470624222,2023-06-19 16:57:53,1,14,0,0.7903225806451613,0,0.8586206896551725,0.0,0.7534436826548373,2024-11-04 08:08:06,0
0.012197120321615068,2023-03-27 16:12:36,1,39,0,0.7096774193548387,2,0.1206896551724138,0.0,0.2612667965869376,2024-11-04 08:08:22,2
0.31052677576525595,2023-10-09 16:48:50,1,3,0,0.532258064516129,2,0.49999999999999994,0.0,0.4962506192948408,2024-11-04 08:12:09,0
0.05772466079660906,2023-08-07 16:02:55,1,28,1,0.532258064516129,1,0.6793103448275862,0.0,0.3939891595673239,2024-11-04 08:09:59,2
0.40039655662129386,2023-03-15 18:42:16,1,41,0,0.5483870967741935,0,0.28965517241379307,1.0,0.6940673402891545,2024-11-04 08:07:12,0
0.19111735017151346,2023-11-27 16:18:25,0,14,0,0.04838709677419356,3,0.6379310344827587,0.0,0.013059474488413728,2024-11-04 08:08:37,1
0.6286569512115188,2023-08-25 17:26:27,1,18,0,0.7580645161290323,0,0.3275862068965517,0.0,0.06707946267055398,2024-11-04 08:07:02,2
0.10018243789464484,2023-06-26 16:11:29,1,36,2,0.016129032258064557,3,0.7862068965517242,0.0,0.0543204764251176,2024-11-04 08:11:05,1
0.15185496733596976,2023-04-10 16:47:55,1,40,1,0.1774193548387097,0,0.3896551724137931,0.0,0.4424733072999821,2024-11-04 08:09:58,1
0.25674583233192777,2023-09-12 18:46:45,1,2,0,0.3548387096774194,0,0.2689655172413793,0.0,0.5661474113307596,2024-11-04 08:08:00,0
0.14279861915270162,2023-11-27 17:29:25,1,30,0,0.5645161290322581,2,0.25517241379310346,0.0,0.3377602130710369,2024-11-04 08:09:09,2
0.19925058445672839,2023-03-06 16:29:57,1,41,1,0.06451612903225812,3,0.28965517241379307,0.0,0.051875564255747096,2024-11-04 08:12:08,1
0.11516528654766327,2023-09-14 16:58:48,1,24,1,0.6290322580645161,2,0.43448275862068964,0.0,0.4677109585440505,2024-11-04 08:07:01,2
0.011596276956018265,2023-05-04 16:51:17,1,10,0,0.6451612903225806,0,0.7931034482758621,0.0,0.7992207472678763,2024-11-04 08:08:08,0
0.03458672900871769,2023-09-11 17:43:14,1,8,0,0.0,3,0.6517241379310346,0.0,0.5367002357521853,2024-11-04 08:11:56,1
0.17566475125084666,2023-07-24 16:25:51,1,35,0,0.7258064516129032,0,0.5413793103448277,0.0,0.8419243616641537,2024-11-04 08:06:35,0
0.3508269789595578,2023-05-10 18:49:20,1,25,1,0.4193548387096775,1,0.06206896551724138,0.0,0.20442410117378643,2024-11-04 08:10:37,1
0.17118027485852869,2023-01-30 16:08:07,0,6,1,0.5967741935483871,2,0.5620689655172414,0.0,0.11993715963992502,2024-11-04 08:10:49,2
0.054349013524437946,2023-08-07 16:21:37,1,34,1,0.12903225806451613,3,0.41724137931034483,0.0,0.02115450675224644,2024-11-04 08:06:26,1
0.06284821604142542,2023-07-25 17:24:07,1,10,1,0.5645161290322581,2,0.35517241379310344,0.0,0.39170222220130835,2024-11-04 08:08:36,2
0.018216478402412112,2023-08-21 17:25:00,1,25,2,0.08064516129032262,3,0.21379310344827585,0.0,0.025335125058904437,2024-11-04 08:08:40,1
0.2721984312525946,2023-01-30 16:20:26,0,28,2,0.24193548387096775,0,0.07586206896551724,0.0,0.3872594329444016,2024-11-04 08:06:58,1
0.05383010334505889,2023-09-04 16:48:13,1,37,1,0.14516129032258068,3,0.2793103448275862,0.0,0.046713485468670914,2024-11-04 08:08:11,1
0.0008794161987371365,2023-10-20 18:34:41,1,42,0,0.7580645161290323,2,0.4724137931034483,0.0,0.4830493036000105,2024-11-04 08:09:48,2
0.04296576285258581,2023-06-15 18:57:42,0,17,2,0.6612903225806451,1,0.29310344827586204,0.0,0.3712515436154987,2024-11-04 08:08:28,2
0.10598330747886124,2023-01-23 16:05:42,0,39,1,0.33870967741935487,1,0.0,0.0,0.19402062008135368,2024-11-04 08:08:57,1
0.05750071008761389,2023-06-16 16:36:20,1,7,2,0.09677419354838712,3,0.2689655172413793,0.0,0.0895051624149037,2024-11-04 08:10:14,1
0.40260875264917306,2023-03-20 17:45:22,1,24,2,0.19354838709677424,0,0.08275862068965517,0.0,0.48631770144644426,2024-11-04 08:08:06,0
0.1297821669689091,2023-02-06 17:48:39,1,30,0,0.0,3,0.6896551724137931,0.0,0.025103204602915208,2024-11-04 08:10:20,1
0.22359566518822785,2023-07-26 16:05:48,1,18,1,0.7580645161290323,0,0.27241379310344827,0.0,0.7795182642400841,2024-11-04 08:10:16,0
0.041114072844064764,2023-08-21 17:36:05,0,14,2,0.04838709677419356,3,0.506896551724138,0.0,0.06266221827546638,2024-11-04 08:07:11,1
0.03959557779282921,2023-05-01 16:30:03,1,31,0,0.7419354838709677,0,0.017241379310344827,0.0,0.8026861094435994,2024-11-04 08:07:19,0
0.02122069523039612,2023-09-01 18:05:37,1,8,2,0.12903225806451613,3,0.4586206896551724,0.0,0.027987757288856593,2024-11-04 08:08:27,1
0.715293102318163,2023-03-06 16:33:43,1,37,0,0.08064516129032262,3,0.44482758620689655,0.0,0.07775923161055649,2024-11-04 08:11:14,1
0.398260831567218,2023-11-14 17:23:43,1,20,0,0.8064516129032258,0,0.27586206896551724,0.0,0.606720718697965,2024-11-04 08:08:16,2
0.07495794096440823,2023-07-26 16:54:08,1,13,0,0.25806451612903225,1,0.13793103448275862,0.0,0.29368860410102593,2024-11-04 08:07:04,1
0.2755413052502786,2023-04-10 18:27:51,1,11,2,0.1774193548387097,1,0.17586206896551726,0.0,0.4108917912931011,2024-11-04 08:08:37,1
0.2027627870392624,2023-05-30 16:15:10,0,25,1,0.09677419354838712,3,0.16551724137931034,0.0,0.07292654709430559,2024-11-04 08:07:09,1
0.23492429373593482,2023-02-20 17:23:03,1,5,2,0.29032258064516125,0,0.6724137931034483,0.0,0.016987333109703757,2024-11-04 08:10:51,1
0.12566365880836375,2023-05-15 18:15:33,1,19,1,0.27419354838709675,1,0.1586206896551724,0.0,0.046334345940618964,2024-11-04 08:08:34,1
0.06633856977430139,2023-09-05 17:02:23,1,6,0,0.5483870967741935,2,0.44827586206896547,0.0,0.3883282837415694,2024-11-04 08:11:23,2
0.05386287661954599,2023-01-03 17:51:07,1,11,2,0.03225806451612906,3,0.5827586206896552,0.0,0.02897325116850938,2024-11-04 08:06:58,1
0.06406628940986257,2023-05-19 16:35:07,1,14,0,0.09677419354838712,3,0.08620689655172413,0.0,0.05349228511561404,2024-11-04 08:11:13,1
0.1334855469859512,2023-02-21 18:41:39,1,40,1,0.19354838709677424,0,0.32068965517241377,0.0,0.6088658148575639,2024-11-04 08:06:53,0
0.17570298673774826,2023-12-04 18:27:11,1,26,0,0.435483870967742,1,0.006896551724137931,0.0,0.28842367363346755,2024-11-04 08:07:51,2
0.18920557582643274,2024-01-01 16:17:13,1,42,2,0.19354838709677424,1,0.1724137931034483,0.0,0.4204657366096188,2024-11-04 08:06:58,1
0.2121468679674015,2023-02-21 16:02:33,1,28,0,0.935483870967742,2,0.11379310344827585,0.0,0.5239822557323007,2024-11-04 08:08:15,2
0.015818567152439424,2023-07-06 18:16:05,1,35,0,0.09677419354838712,3,0.48620689655172417,0.0,0.10400993829571406,2024-11-04 08:09:03,1
0.02539382551508663,2023-07-31 17:37:31,1,7,1,0.7903225806451613,2,0.4827586206896552,0.0,0.1840729131024302,2024-11-04 08:09:20,2
0.1902925560969215,2023-06-09 17:12:09,1,38,2,0.6290322580645161,2,0.4068965517241379,0.0,0.21328346259257494,2024-11-04 08:11:22,2
0.17419541611134176,2023-01-11 16:58:02,1,40,2,0.8870967741935485,2,0.24482758620689654,0.0,0.4301862287649934,2024-11-04 08:08:49,2
0.040251043282571175,2023-11-03 16:39:45,1,18,0,0.12903225806451613,3,0.22758620689655168,0.0,0.01759368746130458,2024-11-04 08:07:22,1
0.21268216478402413,2023-02-16 16:20:06,1,23,2,0.14516129032258068,1,0.30689655172413793,0.0,0.6484549728115281,2024-11-04 08:08:55,0
0.11872118682951344,2023-03-16 17:36:31,1,6,0,0.016129032258064557,3,0.1206896551724138,0.0,0.08754694708650769,2024-11-04 08:10:08,1
0.10901483536891783,2023-01-16 16:01:34,1,9,0,0.04838709677419356,3,0.4827586206896552,0.0,0.040619019225197464,2024-11-04 08:09:14,1
0.030637549433022354,2023-02-09 16:09:00,1,5,0,0.4193548387096775,0,0.22413793103448276,0.0,0.3356816679988088,2024-11-04 08:07:36,2
0.13583976053660773,2023-06-16 16:19:35,0,37,1,0.7580645161290323,2,0.06551724137931035,0.0,0.19881902070411053,2024-11-04 08:09:32,2
0.07773820708339707,2023-06-19 16:20:51,1,35,0,0.24193548387096775,1,0.46551724137931033,0.0,0.5204449646035606,2024-11-04 08:06:46,0
0.8779359391728025,2023-09-07 16:27:03,1,31,0,0.20967741935483875,1,0.503448275862069,0.0,0.4117959449548562,2024-11-04 08:07:33,1
0.18217570844895015,2023-11-30 17:53:48,1,36,0,0.6774193548387097,2,0.30344827586206896,0.0,0.4509837796849781,2024-11-04 08:07:50,2
0.1815257051716227,2023-07-13 17:50:13,1,35,2,0.5967741935483871,2,0.4586206896551724,0.0,0.09107886034960161,2024-11-04 08:09:05,2
0.12920863466538487,2023-10-26 16:59:55,1,28,1,0.06451612903225812,3,0.017241379310344827,0.0,0.04782804812383074,2024-11-04 08:07:18,1
0.22806921715571676,2023-06-26 16:21:14,0,30,1,0.14516129032258068,3,0.41379310344827586,0.0,0.09522990039520592,2024-11-04 08:09:17,1
0.1742500382354869,2023-08-07 16:54:58,1,35,0,0.5161290322580645,0,0.4827586206896552,0.0,0.6834984898281034,2024-11-04 08:12:18,0
0.4480980576372654,2023-03-03 17:18:59,0,14,1,0.6935483870967742,0,0.5103448275862069,0.0,0.39813683844689934,2024-11-04 08:07:28,2
0.25918744128121657,2023-12-25 16:28:20,0,16,2,0.6129032258064516,1,0.13793103448275862,0.0,0.13823736420048954,2024-11-04 08:08:36,2
0.2963031746378553,2023-09-04 18:37:57,0,16,1,0.4032258064516129,0,0.2827586206896551,0.0,0.3972629352794037,2024-11-04 08:08:53,0
0.04344643754506325,2023-12-22 17:17:34,1,13,0,0.8870967741935485,2,0.22758620689655168,0.0,0.421515764877025,2024-11-04 08:06:48,2
0.025115252681946296,2023-03-13 16:05:46,1,36,1,0.6290322580645161,1,0.14482758620689656,0.0,0.16586413225784985,2024-11-04 08:07:24,2
0.1789093054250694,2023-11-23 17:44:29,1,37,0,0.6935483870967742,0,0.15172413793103445,0.0,0.7047208921341321,2024-11-04 08:09:18,0
0.2433579497039481,2023-07-07 17:19:39,1,19,0,0.5483870967741935,0,0.5206896551724138,0.0,0.04139544857785705,2024-11-04 08:12:05,2
0.0303862876619546,2023-08-17 16:54:30,1,14,2,0.8709677419354838,2,0.4827586206896552,0.0,0.24116030140248018,2024-11-04 08:11:33,2
0.08638488933557649,2023-02-09 16:28:58,1,34,1,0.16129032258064518,3,0.020689655172413793,0.0,0.09478219308016585,2024-11-04 08:10:03,1
0.05513010989971378,2023-11-29 18:38:41,0,10,2,0.7419354838709677,0,0.22413793103448276,0.0,0.9604363869078552,2024-11-04 08:09:44,0
0.4516594201315301,2023-01-17 17:25:13,1,12,1,0.29032258064516125,1,0.8793103448275862,0.75,0.6519324351849549,2024-11-04 08:08:14,0
0.03370731280998056,2023-05-22 18:45:23,1,31,0,0.903225806451613,2,0.29310344827586204,0.0,0.4646805312524579,2024-11-04 08:10:47,2
0.014720662457121635,2023-06-14 16:34:54,1,38,0,0.9838709677419355,2,0.3172413793103448,0.0,0.22979687129221377,2024-11-04 08:06:49,2
0.0947584609670301,2023-09-08 17:48:22,1,15,2,1.0,2,0.18620689655172412,0.0,0.3234261844244911,2024-11-04 08:11:52,2
0.09605300530927048,2023-08-10 16:48:55,1,38,1,0.32258064516129037,1,0.3275862068965517,0.0,0.6085828046779366,2024-11-04 08:10:30,0
0.04814394022154734,2023-11-10 18:02:07,1,13,2,0.4516129032258065,1,0.5655172413793104,0.0,0.1657276689170794,2024-11-04 08:09:41,2
0.3100679499224366,2023-06-20 16:27:07,1,8,2,0.5645161290322581,2,0.013793103448275862,0.0,0.2471983000566693,2024-11-04 08:12:12,2
0.07529659813410824,2023-12-11 17:29:02,0,31,2,0.8064516129032258,2,0.32413793103448274,0.0,0.273965281843855,2024-11-04 08:07:04,2
0.24944285433371935,2023-09-26 16:18:33,0,41,1,0.16129032258064518,1,0.6310344827586207,0.0,0.482835533440577,2024-11-04 08:09:29,0
0.05525574078524766,2023-04-25 17:00:15,1,1,2,0.7741935483870968,2,0.4689655172413793,0.0,0.4321377217613317,2024-11-04 08:12:22,2
0.16405754986999935,2023-05-01 17:21:46,1,12,2,0.4193548387096775,0,0.1413793103448276,0.0,0.5238941931823453,2024-11-04 08:11:56,0
0.14512005942887107,2023-06-05 16:11:07,1,4,2,0.5806451612903226,1,0.4206896551724138,0.0,0.44899128046308806,2024-11-04 08:06:37,2
0.18859927024842144,2023-01-24 16:05:40,1,36,2,0.1774193548387097,1,0.13793103448275862,0.0,0.1337461741527677,2024-11-04 08:11:09,1
0.22463894775940046,2023-01-10 17:40:16,1,20,0,0.3709677419354839,0,0.2689655172413793,0.0,0.7398726386968356,2024-11-04 08:09:13,0
0.06060324673905919,2023-08-21 18:36:41,1,32,1,0.27419354838709675,0,0.3482758620689655,0.0,0.604079514432511,2024-11-04 08:12:12,0
0.17266599663527715,2023-08-28 17:34:17,1,7,0,0.5645161290322581,1,0.26206896551724135,0.0,0.30717629114151246,2024-11-04 08:08:00,2
0.14221962463676288,2023-12-20 18:58:27,1,13,1,0.30645161290322587,1,0.4551724137931034,0.0,0.4996393468851066,2024-11-04 08:08:49,0
0.05030697633769582,2023-03-27 16:48:34,1,9,0,0.1774193548387097,1,0.46206896551724136,0.0,0.4202089435250162,2024-11-04 08:07:55,1
0.14300072101203873,2023-09-11 16:09:15,1,28,1,0.7258064516129032,0,0.37241379310344824,0.0,0.906527989437872,2024-11-04 08:10:23,0
0.0350892525508532,2023-08-17 18:32:19,1,10,0,0.903225806451613,2,0.7586206896551725,0.0,0.08396461633298131,2024-11-04 08:08:31,2
0.1383523782472853,2023-01-11 16:56:58,1,17,0,0.16129032258064518,1,0.2586206896551724,1.0,0.18117088235313894,2024-11-04 08:09:12,1
0.0959601476982237,2023-06-05 16:16:13,1,16,0,0.6290322580645161,2,0.27241379310344827,0.0,0.24374100467941537,2024-11-04 08:07:11,2
0.10881273350958072,2023-08-14 16:26:38,1,11,2,0.6290322580645161,0,0.4551724137931034,0.0,0.401003240836285,2024-11-04 08:07:22,2
0.027753501278157705,2023-01-23 18:06:58,1,9,1,0.7258064516129032,2,0.4241379310344827,0.0,0.2816630242830801,2024-11-04 08:12:12,2
0.23793397277633335,2023-12-29 17:17:48,1,17,0,0.6129032258064516,2,0.4275862068965517,0.0,0.24870074127155603,2024-11-04 08:09:18,2
0.040677095850903455,2023-01-30 17:17:38,0,17,1,0.7419354838709677,2,0.5241379310344828,0.0,0.42021432139066234,2024-11-04 08:08:26,2
0.0997017632021674,2023-10-25 16:21:15,0,21,2,0.08064516129032262,3,0.013793103448275862,0.0,0.07728329050087425,2024-11-04 08:06:54,1
0.3430815617557736,2023-01-20 16:09:37,1,2,2,0.4193548387096775,0,0.3379310344827586,0.0,0.7910510971182035,2024-11-04 08:07:32,0
0.14645830147042757,2023-02-21 18:13:02,1,35,2,0.1774193548387097,0,0.5758620689655173,0.0,0.6256629059700359,2024-11-04 08:11:45,0
0.30582381087635735,2023-08-14 18:01:36,0,22,2,0.5161290322580645,1,0.2827586206896551,0.0,0.04810702490422358,2024-11-04 08:10:51,2
0.1921223972557845,2023-06-12 16:58:04,1,6,0,1.0,2,0.1206896551724138,0.25,0.2394118228342831,2024-11-04 08:11:23,2
0.07215582599576133,2023-03-13 17:01:57,1,7,1,0.16129032258064518,3,0.5172413793103449,0.0,0.014617711059379031,2024-11-04 08:10:05,1
0.013387882627979637,2023-11-01 16:55:58,0,26,2,0.3548387096774194,1,0.02413793103448276,0.0,0.025277985236414342,2024-11-04 08:07:20,1
0.36509973999868905,2023-11-07 17:38:05,1,11,2,0.4193548387096775,0,0.4586206896551724,0.75,0.8970689959995403,2024-11-04 08:06:29,0
0.043686774891301974,2023-05-19 17:28:42,0,27,1,0.5645161290322581,0,0.16551724137931034,0.0,0.5317774719863618,2024-11-04 08:12:13,0
0.004582796215779239,2023-11-20 16:28:19,1,23,0,0.8064516129032258,2,0.6482758620689656,0.0,0.27554973550984524,2024-11-04 08:11:35,2
0.09758242478533505,2023-03-15 16:37:04,1,29,0,0.0,3,0.031034482758620682,0.0,0.5894604589067203,2024-11-04 08:07:06,0
0.06279359391728026,2023-12-08 17:05:33,1,37,1,0.14516129032258068,1,0.3379310344827586,0.0,0.05404754974357666,2024-11-04 08:09:07,1
0.08814372173305075,2023-12-25 16:32:44,1,38,2,0.4516129032258065,0,0.9172413793103449,0.0,0.6173904041398811,2024-11-04 08:08:21,0
0.2963195612750989,2023-12-07 18:28:50,0,26,1,0.8387096774193548,2,0.18275862068965515,0.0,0.14263981946505028,2024-11-04 08:08:27,2
0.17326684000087397,2023-05-01 17:31:34,0,34,2,0.7903225806451613,0,0.020689655172413793,0.0,0.977230789087504,2024-11-04 08:07:58,0
0.15334068911271823,2023-02-20 18:03:01,1,15,1,0.435483870967742,1,0.06551724137931035,0.0,0.6474540175681427,2024-11-04 08:07:24,0
0.01307107430793769,2023-02-08 17:33:08,1,36,0,0.1774193548387097,1,0.06206896551724138,0.0,0.1784106928102642,2024-11-04 08:07:26,1
0.20327623500622694,2023-06-19 18:12:16,1,36,0,0.5967741935483871,2,0.4586206896551724,0.0,0.21052125635008295,2024-11-04 08:06:34,2
0.13486748672682383,2023-05-22 17:58:55,0,6,1,0.7580645161290323,2,0.4793103448275862,0.0,0.16869288958771267,2024-11-04 08:07:43,2
0.026502654635233457,2023-08-11 16:43:41,0,18,1,0.0,3,0.43448275862068964,0.0,0.03024108299458382,2024-11-04 08:10:11,1
0.0021248006292468704,2023-10-19 16:34:39,0,29,1,0.6774193548387097,2,0.3758620689655172,0.0,0.3976366969418095,2024-11-04 08:09:48,2
0.03317201599335795,2023-08-01 17:14:17,1,28,1,0.25806451612903225,1,0.16551724137931034,0.0,0.48261369648267427,2024-11-04 08:07:51,0
0.22282003102536652,2023-12-15 16:48:08,1,23,1,0.12903225806451613,1,0.7965517241379311,0.0,0.45343944758564086,2024-11-04 08:08:29,1
0.2864056457427517,2023-04-07 17:37:34,1,12,1,0.6451612903225806,0,0.22758620689655168,0.0,0.8682227969069207,2024-11-04 08:09:46,0
0.059374248945793004,2023-10-10 18:12:07,1,25,0,0.12903225806451613,3,0.8172413793103449,0.0,0.5038697104489913,2024-11-04 08:06:40,0
0.03810985601608075,2023-12-18 18:34:33,1,26,1,0.7258064516129032,2,0.13448275862068965,0.0,0.4858975556928406,2024-11-04 08:07:55,2
0.17685551355721124,2023-07-05 16:49:05,1,41,0,0.5806451612903226,2,0.06896551724137931,0.0,0.14425183469247685,2024-11-04 08:08:07,2
0.02153750355043807,2023-04-24 17:16:27,1,2,2,0.8387096774193548,2,0.5275862068965518,0.0,0.23007047020696045,2024-11-04 08:07:44,2
0.04424938276999716,2023-11-07 16:36:34,0,39,2,0.06451612903225812,3,0.2,0.0,0.11510514735687989,2024-11-04 08:10:47,1
0.10572658349537897,2023-04-20 17:52:46,1,18,1,0.30645161290322587,1,0.5724137931034483,0.0,0.25441136235453715,2024-11-04 08:12:09,1
0.2587941619873714,2023-08-10 18:30:37,1,38,0,0.6290322580645161,2,0.703448275862069,0.0,0.09291002360210787,2024-11-04 08:10:46,2
0.021275317354541284,2023-05-10 16:15:31,1,24,0,0.7741935483870968,0,0.810344827586207,0.75,0.6240589575410785,2024-11-04 08:11:52,0
0.34821057921300447,2023-07-24 16:07:05,1,9,1,0.9838709677419355,2,0.489655172413793,0.0,0.2756640151548254,2024-11-04 08:08:51,2
0.0837521029517796,2023-05-04 17:43:59,0,32,1,0.7741935483870968,2,0.5655172413793104,0.0,0.31668368537065933,2024-11-04 08:09:43,2
0.10178286613209815,2023-10-25 16:03:16,1,40,1,0.0,3,0.44482758620689655,0.0,0.6463172712171926,2024-11-04 08:10:37,0
0.35166815967139337,2023-05-08 17:29:00,1,1,2,0.09677419354838712,3,0.15517241379310343,0.0,0.1262736298374742,2024-11-04 08:07:18,1
0.16645546111997203,2023-10-12 17:20:30,1,31,0,0.06451612903225812,3,0.7310344827586207,0.0,0.05664438661745025,2024-11-04 08:06:50,1
0.1271821538595993,2023-01-16 17:28:48,0,26,1,0.3870967741935484,0,0.09310344827586207,0.0,0.4952342026877229,2024-11-04 08:11:39,0
0.4330824357097599,2023-05-10 16:38:07,1,22,2,0.8064516129032258,0,0.22758620689655168,0.0,0.8931935715683,2024-11-04 08:09:45,0
0.1223153225982652,2023-09-21 16:42:38,1,15,0,0.5483870967741935,0,0.2862068965517241,0.0,0.5628790134843259,2024-11-04 08:07:34,0
0.11720269177827788,2023-03-20 18:12:30,0,40,0,0.08064516129032262,3,0.18275862068965515,0.0,0.05979447141966915,2024-11-04 08:11:45,1
0.08914330660490725,2023-09-08 17:09:54,0,3,1,0.7258064516129032,2,0.3482758620689655,0.0,0.4605873032625495,2024-11-04 08:11:32,2
0.1063656623478774,2023-12-01 17:01:30,1,17,1,0.25806451612903225,1,0.2793103448275862,0.0,0.0852277425266154,2024-11-04 08:07:50,1
0.012639559527190893,2023-02-08 18:27:49,1,12,0,0.4516129032258065,0,0.5689655172413793,0.75,0.9914821330497408,2024-11-04 08:07:14,0
0.12412331490747013,2023-03-13 16:59:33,1,34,2,0.25806451612903225,0,0.9206896551724139,0.0,0.7665576080329181,2024-11-04 08:11:35,0
0.14182088313050317,2023-06-22 16:08:43,1,28,2,0.12903225806451613,3,0.3103448275862069,0.0,0.05459071417383548,2024-11-04 08:07:29,1
0.032363608556009525,2023-04-04 16:12:25,0,9,2,0.29032258064516125,0,0.15517241379310343,0.0,0.6623970894991124,2024-11-04 08:12:18,0
0.5870185059756604,2023-06-02 16:49:03,1,17,1,0.03225806451612906,3,0.2793103448275862,0.0,0.02881594859836016,2024-11-04 08:09:58,1
0.06154820948677052,2023-11-24 17:35:47,0,35,2,0.8870967741935485,2,0.07241379310344827,0.0,0.2491054256614271,2024-11-04 08:07:19,2
0.006308855338766415,2023-02-27 16:07:38,1,31,0,0.04838709677419356,3,0.41724137931034483,0.0,0.014658045051724987,2024-11-04 08:07:53,1
0.17964124188861458,2023-11-14 16:37:42,1,34,1,0.5967741935483871,0,0.013793103448275862,0.0,0.8020898385900851,2024-11-04 08:09:00,0
0.08410714675872316,2023-11-06 16:19:31,1,23,0,0.6935483870967742,2,0.2482758620689655,0.0,0.40383401486576515,2024-11-04 08:08:33,2
0.12736786908169284,2023-01-20 16:23:48,1,6,2,0.03225806451612906,3,0.9896551724137931,0.0,0.10686356825419022,2024-11-04 08:07:54,1
0.6212556533898491,2023-02-14 16:55:26,1,3,0,0.12903225806451613,3,0.46206896551724136,0.0,0.10264463265480356,2024-11-04 08:08:03,1
0.05377548122091372,2023-09-18 17:41:29,1,13,0,0.22580645161290325,0,0.36896551724137927,0.0,0.6717646592214599,2024-11-04 08:07:42,0
0.04758679455526667,2023-03-03 18:23:29,1,1,1,0.04838709677419356,3,0.8344827586206897,0.0,0.09430020187163171,2024-11-04 08:09:45,1
0.04540737180187463,2023-09-18 16:00:54,1,29,1,0.22580645161290325,0,0.5103448275862069,0.0,0.8792749830429175,2024-11-04 08:12:20,0
0.14599947562760823,2023-06-13 16:06:05,1,5,2,0.4516129032258065,1,0.10344827586206896,0.0,0.28420944366652123,2024-11-04 08:12:03,2
0.47509777360221983,2023-08-31 16:42:18,1,12,0,0.1774193548387097,0,0.09999999999999999,0.0,0.0539836875890289,2024-11-04 08:11:02,1
0.08971683890843148,2023-06-05 18:09:44,1,21,1,0.967741935483871,2,0.3448275862068965,0.0,0.23202061873688729,2024-11-04 08:07:10,2
0.41395923004653806,2023-07-03 18:46:29,1,37,0,0.8225806451612903,2,0.27586206896551724,0.0,0.40753801982953514,2024-11-04 08:11:14,2
0.0565338984902445,2023-03-29 16:20:33,1,18,2,0.16129032258064518,1,0.6137931034482759,0.0,0.6402308717721883,2024-11-04 08:11:31,0
0.31880748978566276,2023-08-01 16:11:52,1,18,2,0.5967741935483871,1,0.44482758620689655,0.0,0.4209484000513587,2024-11-04 08:06:32,2
0.11131988900784374,2023-01-02 16:07:17,1,42,2,0.9516129032258065,2,0.5137931034482759,0.0,0.2856742398218851,2024-11-04 08:07:22,2
0.0290862811072997,2023-10-26 16:54:32,1,27,2,0.6129032258064516,2,0.5344827586206897,0.0,0.3812436179860028,2024-11-04 08:11:18,2
0.6053223797767048,2023-08-31 16:16:15,1,20,1,0.19354838709677424,1,0.8689655172413794,0.0,0.6154187441473697,2024-11-04 08:06:36,0
0.06549738906246587,2023-08-08 17:07:42,1,32,0,0.5,0,0.3275862068965517,0.0,0.3563904841356325,2024-11-04 08:11:50,2
0.12046363258974416,2023-09-06 18:43:52,1,16,2,0.20967741935483875,1,0.06206896551724138,0.0,0.5400123287569938,2024-11-04 08:10:00,0
0.06486377242238196,2023-03-13 17:26:41,1,30,0,0.435483870967742,0,0.2655172413793103,0.0,0.6518013497098306,2024-11-04 08:09:17,0
0.09999126046013677,2023-05-10 16:27:51,1,33,0,0.04838709677419356,3,0.2206896551724138,0.0,0.002367605350707424,2024-11-04 08:09:31,1
0.4689964823352051,2023-08-22 16:31:34,1,17,2,0.6774193548387097,1,0.7482758620689656,0.0,0.46473229320930187,2024-11-04 08:12:11,2
0.006117677904258341,2023-02-13 16:53:17,0,37,2,0.3709677419354839,1,0.4068965517241379,0.0,0.15155564847312314,2024-11-04 08:09:16,1
0.03337958006510957,2023-02-06 16:54:19,1,8,1,0.9193548387096775,2,0.5310344827586208,0.0,0.2818162934539947,2024-11-04 08:10:55,2
0.05616246804605737,2023-02-27 16:48:02,0,25,1,0.5,1,0.4827586206896552,0.0,0.6150382601529062,2024-11-04 08:06:42,0
0.23210032991762986,2023-10-04 16:00:54,0,7,2,0.12903225806451613,1,0.5586206896551724,0.0,0.6573439124913703,2024-11-04 08:08:39,0
0.0331556293561144,2023-10-23 16:35:48,1,7,0,0.5483870967741935,2,0.7862068965517242,0.0,0.40919104128251343,2024-11-04 08:09:58,2
0.03493084839083222,2023-01-09 16:36:16,1,29,0,0.532258064516129,0,0.09310344827586207,0.0,0.8361223168651885,2024-11-04 08:09:24,0
0.28554261618125804,2023-05-19 18:32:45,1,17,2,0.5645161290322581,2,0.2517241379310345,0.0,0.3014233193665681,2024-11-04 08:06:38,2
0.02731106207258188,2023-11-09 17:51:35,1,19,1,0.7580645161290323,2,0.5310344827586208,0.0,0.09526754545472882,2024-11-04 08:10:47,2
0.05998601673621884,2023-11-20 17:15:13,1,11,1,0.016129032258064557,3,0.29310344827586204,0.0,0.09041939957474529,2024-11-04 08:08:19,1
0.029610653499093274,2023-11-13 17:47:07,0,30,1,0.08064516129032262,3,0.08275862068965517,0.0,0.06918758600383577,2024-11-04 08:11:15,1
0.04342458869540519,2023-04-03 16:25:35,1,18,2,0.8064516129032258,0,0.3620689655172414,0.0,0.6841014830136753,2024-11-04 08:08:14,0
0.00902903712119557,2023-11-06 16:42:34,0,11,2,0.19354838709677424,0,0.4689655172413793,0.0,0.029104336643633717,2024-11-04 08:11:01,1
0.8362920317245297,2023-10-23 18:00:29,1,36,2,0.0,3,0.17931034482758618,0.75,0.05093242106805757,2024-11-04 08:06:40,1
0.03733968406563395,2023-06-29 16:57:52,1,29,1,0.1774193548387097,0,0.506896551724138,0.0,0.9269605177271258,2024-11-04 08:10:59,0
0.35128580480237714,2023-11-06 17:19:21,0,11,2,0.0,3,0.3275862068965517,0.0,0.06349511521741032,2024-11-04 08:12:01,1
0.17920426489545324,2023-10-12 16:17:47,0,36,2,0.3870967741935484,1,0.07241379310344827,0.0,0.18407425756884174,2024-11-04 08:09:00,1
0.0395573423059276,2023-07-21 17:56:49,1,39,2,0.8225806451612903,2,0.11724137931034483,0.0,0.41104169929798695,2024-11-04 08:10:20,2
0.19363543009460552,2023-05-17 16:30:05,1,11,1,0.532258064516129,0,0.9275862068965518,0.0,0.6749033160591809,2024-11-04 08:07:39,0
0.4334921016408486,2023-02-22 16:17:29,0,20,0,0.06451612903225812,3,0.8344827586206897,0.0,0.08751535212583669,2024-11-04 08:07:13,1
0.015818567152439424,2023-02-27 18:33:48,1,11,0,0.14516129032258068,1,0.20344827586206898,0.0,0.5171886669548307,2024-11-04 08:10:28,0
0.20000983198234615,2023-01-30 16:38:59,0,32,2,0.04838709677419356,3,0.2827586206896551,0.0,0.09802840723080927,2024-11-04 08:09:38,1
0.06587428171906749,2023-11-16 17:57:45,1,7,2,0.24193548387096775,0,0.5241379310344828,0.75,0.9051203331049982,2024-11-04 08:11:48,0
0.12753173545412835,2023-02-13 16:43:40,1,4,2,0.8709677419354838,2,0.4551724137931034,0.0,0.3124096266483999,2024-11-04 08:06:27,2
0.25758701304376325,2023-09-29 17:31:24,1,33,0,0.0,3,0.4413793103448276,0.0,0.06333310701482073,2024-11-04 08:08:45,1
0.11642159540300204,2023-08-14 16:40:38,0,13,1,0.8870967741935485,2,0.3103448275862069,0.0,0.1283992312341059,2024-11-04 08:09:27,2
0.13871288426664338,2023-05-22 16:48:08,1,31,0,0.4838709677419355,1,0.12413793103448274,0.0,0.16032761957516206,2024-11-04 08:10:50,2
0.31542638030107717,2023-11-10 16:26:28,1,38,0,0.30645161290322587,0,0.18275862068965515,0.0,1.0000000000000002,2024-11-04 08:06:37,0
0.09285761104677838,2023-09-25 16:58:25,1,6,0,0.14516129032258068,3,0.8793103448275862,0.0,0.12552476204625101,2024-11-04 08:07:32,1
0.18433328235268415,2023-05-23 17:12:39,1,35,2,0.967741935483871,2,0.33448275862068966,0.75,0.4637736886578797,2024-11-04 08:07:28,2
0.18044418711354848,2023-07-06 16:04:39,0,26,1,0.7419354838709677,2,0.35517241379310344,0.0,0.16288546692310124,2024-11-04 08:10:34,2
0.07213943935851778,2023-11-10 16:32:24,0,31,0,0.27419354838709675,1,0.1275862068965517,0.0,0.4944772680980305,2024-11-04 08:08:40,0
0.040300203194301824,2023-02-23 18:23:29,1,22,2,0.0,3,0.19310344827586207,0.0,0.10675264977523885,2024-11-04 08:11:29,1
0.10756188686665648,2023-05-09 16:47:42,1,40,2,0.16129032258064518,1,0.43103448275862066,0.0,0.20252504236749783,2024-11-04 08:10:02,1
0.32213397714610326,2023-02-06 16:42:16,1,38,2,0.1774193548387097,0,0.44827586206896547,0.5,0.6513630536596713,2024-11-04 08:07:46,0
0.38102208918700436,2023-11-27 16:10:37,1,27,2,0.4193548387096775,1,0.493103448275862,0.0,0.45186171625170835,2024-11-04 08:07:11,0
0.16523192553912036,2023-11-16 17:14:01,1,34,0,0.32258064516129037,1,0.2689655172413793,0.5,0.5701337542409513,2024-11-04 08:11:08,0
0.08069872621206493,2023-01-23 16:48:16,1,40,1,0.03225806451612906,3,0.08620689655172413,0.0,0.09320177281341027,2024-11-04 08:06:39,1
0.01201686731193603,2023-01-30 18:50:00,1,35,1,0.016129032258064557,3,0.1586206896551724,0.0,0.3684967319382702,2024-11-04 08:08:53,1
0.00032773274487098256,2023-02-13 17:49:27,1,7,0,0.11290322580645162,3,0.44482758620689655,0.0,0.08436661179002931,2024-11-04 08:12:22,1
0.41340208438025744,2023-01-23 17:22:25,1,1,1,0.7580645161290323,0,0.6655172413793103,0.0,0.7025529400455371,2024-11-04 08:11:06,0
0.02105682885796063,2023-04-28 18:52:30,0,41,2,0.11290322580645162,3,0.46551724137931033,0.0,0.10200466664291444,2024-11-04 08:12:12,1
0.04164936966068737,2023-04-03 16:01:51,0,23,2,0.5,1,0.3793103448275862,0.75,0.6300976284284734,2024-11-04 08:07:51,0
0.01758832397474273,2023-03-10 18:59:46,1,5,2,0.20967741935483875,0,0.0,0.0,0.5750269397457212,2024-11-04 08:09:33,0
0.5585057571718849,2023-01-19 16:45:16,0,38,1,0.7096774193548387,0,0.5103448275862069,0.0,0.007094749253653085,2024-11-04 08:10:47,2
0.011131988900784375,2023-04-20 16:01:05,1,5,1,0.06451612903225812,3,0.16896551724137931,0.0,0.05695025272607372,2024-11-04 08:09:17,1
0.36151652865476636,2023-02-02 16:52:26,1,1,1,0.08064516129032262,3,0.7206896551724138,0.0,0.12733306936976124,2024-11-04 08:07:34,1
0.01900303699010247,2023-09-27 18:52:36,1,4,1,0.19354838709677424,0,0.3275862068965517,0.0,0.9564715554602479,2024-11-04 08:07:17,0
0.11714806965413271,2023-11-10 18:28:09,0,20,0,0.4516129032258065,0,0.05517241379310345,0.0,0.3540127952868386,2024-11-04 08:07:39,2
0.013721077585265137,2023-10-23 16:03:09,1,21,1,0.6290322580645161,1,0.19310344827586207,0.0,0.5723292678909826,2024-11-04 08:11:41,0
0.33723699447224104,2023-01-30 16:34:16,1,22,0,0.3709677419354839,1,0.10344827586206896,0.0,0.3901896974883351,2024-11-04 08:10:17,0
0.24368568244881908,2023-12-12 17:41:53,1,15,0,0.7258064516129032,2,0.23103448275862065,0.0,0.5217470803231291,2024-11-04 08:07:42,2
0.20628591404662547,2023-02-22 17:29:36,1,33,1,0.24193548387096775,1,0.6689655172413793,0.0,0.14469886977431118,2024-11-04 08:06:53,1
0.005888264982848653,2023-02-13 18:17:28,1,31,2,0.19354838709677424,1,0.11379310344827585,0.0,0.4625529131562089,2024-11-04 08:10:40,0
0.15032008564749066,2023-07-24 17:09:05,1,13,0,0.29032258064516125,0,0.19655172413793104,0.0,0.6450447337586778,2024-11-04 08:12:13,0
0.09804671284056894,2023-07-12 16:11:30,1,30,2,0.967741935483871,2,0.24482758620689654,0.0,0.3903873340508303,2024-11-04 08:09:23,2
0.017522777425768535,2023-06-21 16:52:25,1,18,1,0.4193548387096775,0,0.1206896551724138,0.0,0.5206728516603152,2024-11-04 08:09:28,0
0.14947890493565516,2023-07-04 17:50:02,1,32,1,0.9838709677419355,2,0.34137931034482755,0.0,0.2985629670760343,2024-11-04 08:11:48,2
0.21232712097708056,2023-08-21 17:10:10,1,14,0,0.08064516129032262,3,0.49999999999999994,0.0,0.11547016998761077,2024-11-04 08:08:32,1
0.2690576591142476,2023-03-01 17:43:22,1,16,0,0.11290322580645162,3,0.09655172413793102,0.0,0.03196267223455024,2024-11-04 08:09:23,1
0.08116301426729883,2023-11-29 16:46:49,1,23,0,0.6290322580645161,0,0.05172413793103449,0.0,0.5176303241710188,2024-11-04 08:08:44,0
0.10144967117481266,2023-04-24 16:49:48,0,14,1,0.3709677419354839,1,0.14827586206896554,0.0,0.020183802003120508,2024-11-04 08:09:44,1
0.17600340842054668,2023-03-13 16:10:41,1,17,0,0.14516129032258068,3,0.16206896551724137,0.0,0.07638115353873645,2024-11-04 08:11:25,1
0.010929887041447268,2023-12-04 16:27:40,1,24,1,0.0,3,0.041379310344827586,0.0,0.04666306797823848,2024-11-04 08:09:38,1
0.1531331250409666,2023-11-27 16:37:11,1,23,0,0.467741935483871,1,0.4103448275862069,0.5,0.523438419068836,2024-11-04 08:10:47,0
0.056790622473726765,2023-10-17 16:41:39,0,21,2,0.7258064516129032,2,0.3379310344827586,0.0,0.32987088416816857,2024-11-04 08:09:45,2
0.1929963512421071,2023-08-11 17:57:52,0,27,1,0.5483870967741935,2,0.34137931034482755,1.0,0.11563352265661186,2024-11-04 08:10:53,2
0.03036990102471105,2023-01-23 17:18:16,1,39,2,0.33870967741935487,1,0.2,0.0,0.35253657116697673,2024-11-04 08:06:59,1
0.05204942209792655,2023-04-10 16:25:15,1,21,1,0.24193548387096775,1,0.1413793103448276,0.0,0.15680108417771427,2024-11-04 08:10:13,1
0.2604437501365553,2023-11-27 16:30:37,1,8,2,0.14516129032258068,1,0.9241379310344828,0.0,0.4346572518165422,2024-11-04 08:07:34,1
0.011552579256702136,2023-12-04 16:27:03,1,21,2,0.6290322580645161,0,0.30689655172413793,0.0,0.037423894798192234,2024-11-04 08:08:40,2
0.15186042954838427,2023-10-02 16:20:52,1,17,1,0.16129032258064518,3,0.05517241379310345,0.0,0.08367152265526741,2024-11-04 08:07:37,1
0.1175085756734908,2023-06-21 16:23:53,1,11,0,0.14516129032258068,3,0.7103448275862069,0.0,0.09951404261555186,2024-11-04 08:11:13,1
0.10602700517817738,2023-04-26 17:55:11,1,25,0,0.7741935483870968,0,0.5206896551724138,0.0,0.9608686328591625,2024-11-04 08:09:28,0
0.010558456597260155,2023-06-16 18:47:34,1,5,1,0.7419354838709677,2,0.38620689655172413,0.0,0.0645001038600303,2024-11-04 08:10:31,2
0.04429308046931329,2023-01-23 17:39:08,1,15,2,0.3709677419354839,1,0.32068965517241377,0.0,0.4766301487181521,2024-11-04 08:07:04,0
0.17166641176342068,2023-09-29 16:34:03,0,41,1,0.6451612903225806,1,0.7517241379310345,0.0,0.6602170372128137,2024-11-04 08:11:02,0
0.2547466625882147,2023-09-04 16:57:31,1,19,0,0.6451612903225806,0,0.0034482758620689655,0.0,0.7268797152957929,2024-11-04 08:09:20,0
0.2579365946382923,2023-02-27 17:06:36,1,27,1,0.5967741935483871,1,0.2655172413793103,0.0,0.47235272882986384,2024-11-04 08:09:59,2
0.03653673884070004,2023-11-20 17:17:05,1,16,2,0.6612903225806451,0,0.013793103448275862,0.0,0.6000548542295906,2024-11-04 08:10:53,0
0.055938517337062205,2023-05-10 17:41:59,1,0,1,0.9838709677419355,2,0.3758620689655172,0.0,0.3061847471630078,2024-11-04 08:06:32,2
0.2511689134567065,2023-03-06 17:05:25,0,14,2,0.27419354838709675,0,0.4689655172413793,0.5,0.463063810392591,2024-11-04 08:08:33,0
0.24756385326312572,2023-01-02 16:06:29,1,39,1,0.7741935483870968,0,0.4724137931034483,0.0,0.42110234145547903,2024-11-04 08:08:56,2
0.1457919115558566,2023-08-24 16:56:36,1,39,0,0.12903225806451613,3,0.5517241379310345,0.0,0.08607408413267464,2024-11-04 08:07:54,1
0.060630557801131774,2023-08-18 17:07:18,1,4,0,0.7741935483870968,0,0.11379310344827585,0.0,0.9577918214763722,2024-11-04 08:07:47,0
0.0660436103039175,2023-12-25 17:31:16,1,31,0,0.8064516129032258,0,0.5103448275862069,0.0,0.8664124728837932,2024-11-04 08:10:12,0
0.11635604885402784,2023-12-25 18:29:05,1,23,1,0.532258064516129,2,0.28965517241379307,0.0,0.3182157048465998,2024-11-04 08:11:27,2
0.10248202932115624,2023-08-10 16:39:44,1,26,0,0.6774193548387097,1,0.5862068965517242,0.0,0.1379677986849774,2024-11-04 08:10:56,2
0.2576088618934213,2023-10-30 18:44:22,0,38,2,0.25806451612903225,0,0.45172413793103444,0.0,0.9902761466785966,2024-11-04 08:07:00,0
0.04562586029845529,2023-10-12 16:37:49,1,26,0,0.6290322580645161,1,0.1275862068965517,0.0,0.33336716907135694,2024-11-04 08:09:05,2
0.05402128077956696,2023-02-28 17:55:00,1,37,2,0.9838709677419355,2,0.6620689655172414,0.0,0.16841996290617173,2024-11-04 08:10:27,2
0.4583178570648256,2023-05-02 16:03:23,0,21,1,0.6774193548387097,0,0.26206896551724135,0.0,0.7688176560707028,2024-11-04 08:09:21,0
0.016195459809041055,2023-07-31 16:26:33,0,30,2,0.935483870967742,2,0.11379310344827585,0.5,0.1836971347404071,2024-11-04 08:08:39,2
0.0021739605409775175,2023-04-17 16:46:31,1,36,2,0.32258064516129037,1,0.09655172413793102,0.0,0.518999663211164,2024-11-04 08:07:54,0
0.02732744870982543,2023-09-18 16:13:38,0,33,2,0.6451612903225806,0,0.18620689655172412,0.0,0.5043564072899658,2024-11-04 08:07:16,2
0.07406213812842753,2023-08-03 17:25:57,1,14,2,0.6290322580645161,2,0.8931034482758621,0.0,0.09264650818544765,2024-11-04 08:08:16,2
0.20115689658939456,2023-04-03 16:09:09,1,33,1,0.8064516129032258,0,0.08275862068965517,0.0,0.913841214483399,2024-11-04 08:06:56,0
0.00966265376127947,2023-06-05 17:22:19,0,34,1,0.7419354838709677,0,0.43103448275862066,0.0,0.8229949468229923,2024-11-04 08:09:36,0
0.06966505713474186,2023-03-02 16:05:52,0,41,1,0.20967741935483875,1,0.1275862068965517,0.0,0.5733335843003968,2024-11-04 08:07:02,0
0.008996263846708472,2023-02-22 17:39:54,1,15,2,0.435483870967742,1,0.13103448275862067,0.0,0.1411972070054767,2024-11-04 08:09:36,1
0.1730756625663659,2023-12-11 16:03:50,1,13,1,0.4193548387096775,0,0.24137931034482757,0.0,0.961800348082354,2024-11-04 08:08:08,0
0.2602034127903166,2023-07-25 17:17:49,1,5,0,0.9838709677419355,2,0.3620689655172414,0.0,0.3221375133690379,2024-11-04 08:09:09,2
0.08538530446372,2023-09-18 16:03:10,1,32,1,0.09677419354838712,3,0.5172413793103449,0.0,0.5969034249609602,2024-11-04 08:09:39,0
0.029965697306036838,2023-09-18 16:19:03,0,15,2,0.25806451612903225,1,0.8655172413793104,0.0,0.24803993603028815,2024-11-04 08:11:19,1
0.008455504817671352,2023-01-09 16:05:02,1,10,1,0.14516129032258068,3,0.09655172413793102,0.0,0.03952462356621061,2024-11-04 08:10:02,1
0.16216762437457669,2023-10-12 18:11:27,1,31,2,0.935483870967742,2,0.5793103448275863,0.0,0.35945452308751336,2024-11-04 08:10:07,2
0.353727413751666,2023-12-04 16:31:42,1,29,1,0.29032258064516125,0,0.38275862068965516,0.0,0.9194651174828363,2024-11-04 08:09:34,0
0.04084642443575346,2023-07-27 17:04:46,1,12,0,0.5,1,0.5793103448275863,0.0,0.6417407075523385,2024-11-04 08:07:28,0
0.14947890493565516,2023-05-08 17:54:56,1,41,2,0.16129032258064518,3,0.08620689655172413,0.0,0.062312657008468136,2024-11-04 08:09:46,1
0.11773252638248598,2023-05-18 16:03:58,0,17,1,0.532258064516129,2,0.19310344827586207,0.0,0.23893991512383547,2024-11-04 08:08:31,2
0.5262896283510673,2023-07-11 16:45:22,1,21,0,0.3709677419354839,1,0.8206896551724138,0.0,0.4442325415994714,2024-11-04 08:10:12,0
0.22959863663178137,2023-04-17 16:10:19,1,21,1,0.12903225806451613,3,0.15517241379310343,0.0,0.11270325811267841,2024-11-04 08:09:30,1
0.37585483624287186,2023-06-30 16:31:49,0,22,1,0.08064516129032262,3,0.041379310344827586,0.0,0.3420947727818153,2024-11-04 08:11:05,1
0.1556293561144006,2023-03-08 16:39:14,0,34,1,0.5967741935483871,0,0.4827586206896552,0.0,0.9912596238586321,2024-11-04 08:09:38,0
0.11650352858921979,2023-03-30 16:00:25,1,4,0,0.7258064516129032,0,0.017241379310344827,0.0,0.34527040244585333,2024-11-04 08:07:06,2
0.2528185016058905,2023-09-26 16:50:05,0,19,1,0.532258064516129,0,0.5137931034482759,0.0,0.6814172558230521,2024-11-04 08:07:18,0
0.1689462299809915,2023-06-05 17:29:48,1,5,2,0.6451612903225806,0,0.4724137931034483,0.0,0.058473533170339195,2024-11-04 08:09:17,2
0.20582708820380607,2023-02-15 17:33:23,0,23,1,0.12903225806451613,3,0.21034482758620687,0.0,0.4254335400002286,2024-11-04 08:10:33,1
0.04205357337936158,2023-12-22 17:49:57,1,41,1,0.8064516129032258,0,0.506896551724138,0.0,0.9394976670146594,2024-11-04 08:07:50,0
0.08010880727129717,2023-09-08 16:28:54,1,32,0,0.7419354838709677,2,0.903448275862069,0.0,0.26139115973000426,2024-11-04 08:07:41,2
0.0690095916449999,2023-05-26 16:00:45,1,35,1,0.06451612903225812,3,0.4689655172413793,0.0,0.05777508286954845,2024-11-04 08:08:35,1
0.05521204308593153,2023-03-03 17:49:53,1,4,0,0.09677419354838712,3,0.12413793103448274,0.0,0.040405249065763905,2024-11-04 08:10:15,1
0.10089252550853198,2023-06-26 16:46:41,1,10,1,0.6451612903225806,0,0.8896551724137931,0.0,0.07088497484839462,2024-11-04 08:11:06,2
0.24628569555812888,2023-02-27 16:47:50,1,7,0,0.4516129032258065,1,0.5689655172413793,0.0,0.08431619429959687,2024-11-04 08:10:45,1
0.2819648670497499,2023-12-21 17:00:50,0,5,0,0.11290322580645162,3,0.28965517241379307,0.0,0.08086024338875449,2024-11-04 08:09:51,1
0.48055452380432173,2023-10-30 18:58:42,1,34,0,0.11290322580645162,3,0.06551724137931035,0.0,0.010740269928521447,2024-11-04 08:07:37,1
0.03628547706963228,2023-11-01 16:03:17,0,35,1,0.11290322580645162,3,0.44827586206896547,0.0,0.07449217823053432,2024-11-04 08:07:16,1
0.052158666346216874,2023-07-12 16:54:53,1,20,1,0.20967741935483875,1,0.5482758620689655,0.0,0.01582571413014032,2024-11-04 08:07:32,1
0.05340405077672661,2023-12-18 18:41:26,1,12,1,0.5806451612903226,1,0.5344827586206897,0.0,0.41821308313709726,2024-11-04 08:08:36,2
0.33723699447224104,2023-02-16 17:05:58,1,4,0,0.3870967741935484,1,0.4068965517241379,0.0,0.47417649751710667,2024-11-04 08:08:03,0
0.4852137909939042,2023-06-13 16:24:43,1,35,2,0.7096774193548387,2,0.3172413793103448,0.0,0.5239345271746914,2024-11-04 08:10:57,2
0.058565841508444585,2023-12-04 18:01:53,1,29,1,0.06451612903225812,3,0.4103448275862069,0.0,0.03287422046156877,2024-11-04 08:08:11,1
0.01983329327710896,2023-08-07 16:49:34,1,29,0,0.7096774193548387,2,0.20344827586206898,0.0,0.16677231931883957,2024-11-04 08:07:02,2
0.3142738534816142,2023-06-12 18:30:51,1,28,2,0.4032258064516129,0,0.4103448275862069,0.0,0.008887595213430684,2024-11-04 08:11:33,1
0.04622670366405209,2023-05-22 17:27:11,1,38,0,0.30645161290322587,1,0.2068965517241379,0.0,0.311473205792768,2024-11-04 08:12:16,1
0.004096659310887282,2023-03-27 17:16:08,0,19,2,0.5483870967741935,2,0.25517241379310346,0.0,0.49011918022505024,2024-11-04 08:12:15,0
0.05955996416788656,2023-08-02 16:52:15,1,13,1,0.6129032258064516,0,0.058620689655172406,0.0,0.9013242321920384,2024-11-04 08:06:29,0
0.12553256571041535,2023-05-01 16:23:40,1,2,2,0.9838709677419355,2,0.393103448275862,0.0,0.2933558486641718,2024-11-04 08:11:47,2
0.19754637418339926,2023-02-20 16:08:48,1,11,0,0.5806451612903226,2,0.3482758620689655,0.0,0.49557771385586924,2024-11-04 08:10:23,0
0.03879809478030982,2023-02-02 17:02:05,1,6,0,0.8064516129032258,2,0.15517241379310343,0.25,0.47886061849488337,2024-11-04 08:07:50,2
0.0667427734929756,2023-01-16 16:50:13,1,27,1,0.4516129032258065,0,0.30344827586206896,0.0,0.48086790684730024,2024-11-04 08:07:54,0
0.3508215167471433,2023-08-14 16:36:43,1,23,0,0.7580645161290323,0,0.4068965517241379,0.0,0.7606796008817012,2024-11-04 08:12:10,0
0.095561406191964,2023-12-21 18:44:40,0,23,0,0.8225806451612903,0,0.20344827586206898,0.0,0.3990940985319099,2024-11-04 08:08:37,2
0.0916231510410977,2023-08-24 16:01:40,0,40,1,0.22580645161290325,1,0.0034482758620689655,0.0,0.22831594153991153,2024-11-04 08:12:20,1
0.006117677904258341,2023-10-09 16:50:41,1,6,2,0.7903225806451613,2,0.21724137931034482,0.0,0.4387363629091296,2024-11-04 08:07:19,2
0.20855273219864975,2023-06-05 17:48:07,0,29,1,0.7096774193548387,0,0.4724137931034483,0.0,0.6758558705117511,2024-11-04 08:08:17,0
0.0072210448119906494,2023-09-20 17:49:53,1,19,2,0.0,3,0.034482758620689655,0.5,0.028212283179582402,2024-11-04 08:10:20,1
0.035537153968843535,2023-11-02 16:15:50,1,23,0,0.16129032258064518,3,0.15172413793103445,0.0,0.6092328541879122,2024-11-04 08:11:09,0
0.045232581004610105,2023-01-06 16:13:53,1,24,1,0.14516129032258068,1,0.9689655172413792,0.75,0.44384600750615605,2024-11-04 08:10:42,1
0.39865411086106317,2023-07-25 18:04:46,0,6,1,0.9516129032258065,2,0.2862068965517241,0.0,0.42228681636403853,2024-11-04 08:06:48,2
0.046456116585461775,2023-12-11 16:06:04,1,18,0,0.7096774193548387,2,0.058620689655172406,0.0,0.40289961070975056,2024-11-04 08:08:13,2
0.396747798728397,2023-11-03 16:31:22,1,31,0,0.0,3,0.9206896551724139,0.0,0.06094197350191151,2024-11-04 08:10:14,1
0.07108523236251613,2023-04-03 16:31:32,1,33,1,0.435483870967742,1,0.18275862068965515,0.0,0.28765127768004256,2024-11-04 08:09:41,2
0.037055649020079094,2023-01-02 16:00:06,1,25,0,0.03225806451612906,3,0.1275862068965517,0.0,0.08608618433037843,2024-11-04 08:10:15,1
0.03550438069435644,2023-12-08 17:05:35,1,34,1,0.12903225806451613,3,0.21379310344827585,0.0,0.48928023318425445,2024-11-04 08:10:54,0
0.10452489676418537,2023-07-28 17:19:48,1,17,1,0.7258064516129032,0,0.1413793103448276,0.0,0.1263442143240796,2024-11-04 08:07:04,2
0.11613756035744718,2023-05-19 18:44:23,1,14,2,0.33870967741935487,0,0.38620689655172413,0.0,0.46616146100476014,2024-11-04 08:11:36,0
0.048133015796718304,2023-01-17 16:10:33,1,41,0,0.19354838709677424,1,0.4413793103448276,0.0,0.2423817491373568,2024-11-04 08:08:14,1
0.21293342655509187,2023-10-09 16:52:40,1,12,2,0.12903225806451613,1,0.13448275862068965,0.0,0.1690686679497358,2024-11-04 08:10:14,1
0.026235006226922153,2023-09-25 17:58:54,1,36,2,0.30645161290322587,1,0.8,0.0,0.5903014226471334,2024-11-04 08:07:56,0
0.18220301951102275,2023-07-31 17:46:50,1,14,0,0.7258064516129032,2,0.43103448275862066,0.0,0.10476485618578915,2024-11-04 08:11:07,2
0.5866579999563023,2023-01-05 16:43:14,1,32,1,0.7903225806451613,2,0.2379310344827586,0.0,0.12835620830893688,2024-11-04 08:11:13,2
0.05462758635757827,2023-07-10 17:25:41,1,24,2,0.9838709677419355,2,0.1413793103448276,0.0,0.28285556599010875,2024-11-04 08:10:38,2
0.02418667657147851,2023-10-16 16:23:58,1,35,0,0.20967741935483875,1,0.5310344827586208,0.0,0.017491508014028163,2024-11-04 08:07:59,1
0.04474098188730363,2023-12-18 18:25:05,1,13,1,0.16129032258064518,3,0.03793103448275863,0.0,0.12173202229931993,2024-11-04 08:09:37,1
0.5709049793528371,2023-10-30 16:45:47,1,3,2,0.016129032258064557,3,0.4827586206896552,0.0,0.03100742884915693,2024-11-04 08:11:59,1
0.24424829032751427,2023-12-18 16:32:56,1,5,2,0.22580645161290325,1,0.1896551724137931,0.0,0.405425190863813,2024-11-04 08:08:15,1
0.3222705324564662,2023-06-19 16:20:40,0,2,1,0.11290322580645162,3,0.13103448275862067,0.0,0.06494310554263001,2024-11-04 08:08:42,1
0.10513120234219668,2023-10-16 16:51:25,1,25,1,0.8548387096774193,2,0.506896551724138,0.0,0.13011409814201466,2024-11-04 08:11:39,2
0.07417138237671787,2023-01-23 16:19:25,1,1,2,0.09677419354838712,3,0.18275862068965515,0.5,0.0689267595199986,2024-11-04 08:12:00,1
0.006177762240818022,2023-12-20 16:17:16,0,27,1,0.6129032258064516,2,0.18620689655172412,0.0,0.13171804657097205,2024-11-04 08:10:56,2
0.004129432585374381,2023-01-09 17:56:30,1,4,0,0.29032258064516125,1,0.906896551724138,0.0,0.14374295415571206,2024-11-04 08:09:35,1
0.04324433568572615,2023-07-24 17:30:24,1,9,0,0.903225806451613,2,0.21379310344827585,0.0,0.43541687533905765,2024-11-04 08:07:37,2
0.21122921628176278,2023-01-31 16:51:55,1,33,1,0.6451612903225806,2,0.4379310344827586,0.0,0.11926425420095338,2024-11-04 08:06:24,2
0.02783543446437545,2023-06-29 16:11:08,1,14,1,0.08064516129032262,3,0.2482758620689655,0.0,0.10502904383565513,2024-11-04 08:10:07,1
0.1397179313509144,2023-06-07 16:26:52,1,26,0,0.5806451612903226,2,0.08620689655172413,0.0,0.4576550220189987,2024-11-04 08:11:46,2
0.004113045948130831,2023-06-16 17:33:15,1,20,1,0.25806451612903225,0,0.9931034482758622,0.0,0.08185447630008222,2024-11-04 08:09:15,1
0.1275153488168848,2023-10-03 17:06:56,1,21,1,0.7258064516129032,0,0.0034482758620689655,0.0,0.4028895272116641,2024-11-04 08:08:48,2
0.0961950228320479,2023-01-16 16:38:57,1,4,1,0.5967741935483871,2,0.39999999999999997,0.0,0.15586802448811124,2024-11-04 08:07:09,2
0.047056959951058575,2023-03-27 17:54:30,1,14,0,0.9193548387096775,2,0.396551724137931,0.0,0.20345205195824898,2024-11-04 08:11:25,2
0.011639974655334399,2023-10-26 16:11:13,1,37,0,0.5806451612903226,2,0.21034482758620687,0.0,0.5031853770455217,2024-11-04 08:09:29,0
0.04501409250802946,2023-08-25 16:40:17,1,25,1,0.12903225806451613,3,0.12413793103448274,0.0,0.012664201363423389,2024-11-04 08:07:11,1
0.2967128405689441,2023-08-14 17:18:07,1,20,0,0.0,3,0.38620689655172413,0.0,0.40756356469135424,2024-11-04 08:11:42,1
0.18926566016299243,2023-12-29 16:32:37,0,38,1,0.04838709677419356,3,0.36551724137931035,0.0,0.10322476991137951,2024-11-04 08:09:55,1
0.025792567021346326,2023-02-20 16:47:23,1,12,1,0.09677419354838712,3,0.19310344827586207,0.0,0.03249037530107645,2024-11-04 08:08:50,1
0.03531866547226289,2023-05-19 18:47:11,1,1,1,0.6451612903225806,1,0.7793103448275862,0.0,0.36163188644098904,2024-11-04 08:11:10,2
0.19142869627914091,2023-08-02 16:37:39,0,14,0,0.16129032258064518,3,0.13103448275862067,0.0,0.12642689900838883,2024-11-04 08:07:16,1
0.001933623194738797,2023-08-01 16:13:25,1,5,2,0.7580645161290323,0,0.5655172413793104,0.0,0.3808039774694319,2024-11-04 08:12:18,2
0.012169809259542487,2023-08-29 16:19:14,1,12,2,0.12903225806451613,1,0.11034482758620691,0.0,0.4730444567985969,2024-11-04 08:10:34,0
0.09133365378312833,2023-12-01 17:45:19,1,34,0,0.27419354838709675,1,0.32068965517241377,0.0,0.1472815897508637,2024-11-04 08:12:04,1
0.023700539666586553,2023-10-30 16:23:34,0,5,1,0.19354838709677424,1,0.6965517241379311,0.0,0.18610574631666624,2024-11-04 08:11:55,1
0.21330485699927898,2023-10-30 16:02:32,1,32,2,0.4193548387096775,0,0.08275862068965517,0.0,0.3628956848678289,2024-11-04 08:09:06,0
0.27742576853328677,2023-03-28 18:19:10,1,23,0,0.33870967741935487,1,0.41724137931034483,0.0,0.37021496001220777,2024-11-04 08:09:54,0
0.1813836876488453,2023-06-20 17:05:38,1,18,0,0.14516129032258068,3,0.3137931034482758,0.0,0.006079004879740841,2024-11-04 08:11:27,1
0.197639231794446,2023-02-27 16:59:07,1,27,1,0.22580645161290325,1,0.07241379310344827,0.0,0.43615028176654824,2024-11-04 08:07:38,0
0.0231160829382333,2023-02-06 16:32:53,1,38,2,0.19354838709677424,0,0.24137931034482757,0.0,0.8996362546123602,2024-11-04 08:10:23,0
0.13568135637658676,2023-02-03 17:46:54,1,6,2,0.16129032258064518,1,0.35517241379310344,0.0,0.165987150934505,2024-11-04 08:11:30,1
0.25180253009679043,2023-08-28 17:32:47,0,34,2,0.5806451612903226,0,0.5551724137931034,0.0,0.03857946367890378,2024-11-04 08:09:11,2
0.03359806856169023,2023-09-28 17:06:32,1,5,1,0.6129032258064516,0,0.13448275862068965,0.0,0.8234856770632015,2024-11-04 08:11:35,0
0.14674779872839697,2023-08-14 16:32:28,1,6,1,0.1774193548387097,1,0.47586206896551725,0.0,0.5823677263526845,2024-11-04 08:06:36,0
0.11949135877996024,2024-01-01 16:30:58,0,36,2,0.5806451612903226,1,0.2,0.0,0.48895083891342916,2024-11-04 08:09:13,0
0.0682121086324805,2023-08-28 17:19:18,1,3,1,0.03225806451612906,3,0.07241379310344827,0.0,0.11716890329858114,2024-11-04 08:10:42,1
0.025858113570320525,2023-02-23 18:42:51,1,2,2,0.5645161290322581,1,0.3620689655172414,0.0,0.08606668956741122,2024-11-04 08:08:20,2
0.3236688588345824,2023-09-14 17:25:49,1,22,2,0.903225806451613,2,0.8206896551724138,0.0,0.4979083463802595,2024-11-04 08:12:14,2
0.2033253949179576,2023-10-16 18:15:48,1,26,0,0.06451612903225812,3,0.6931034482758621,0.0,0.2554230733292148,2024-11-04 08:10:26,1
0.0024361467368743035,2023-04-17 16:03:52,1,13,1,0.22580645161290325,1,0.034482758620689655,0.0,0.3152646010732876,2024-11-04 08:09:28,1
0.07902182700080841,2023-05-16 16:32:00,1,14,1,0.3870967741935484,1,0.2206896551724138,0.0,0.45613174157473324,2024-11-04 08:09:18,0
0.17276977867115298,2023-08-29 18:30:14,1,10,2,0.16129032258064518,1,0.8655172413793104,0.0,0.5741752202740158,2024-11-04 08:09:57,0
0.2299536804387249,2023-01-05 16:13:59,1,13,2,0.11290322580645162,3,0.19310344827586207,0.0,0.47543626254471194,2024-11-04 08:07:46,1
0.1012967292272062,2023-08-07 16:15:16,1,41,1,0.4838709677419355,1,0.6344827586206897,0.0,0.17328222568347632,2024-11-04 08:09:41,2
0.7820577246607966,2023-09-08 17:50:09,1,21,1,0.6774193548387097,2,0.4413793103448276,0.0,0.2832031105574897,2024-11-04 08:09:36,2
0.014207214490157095,2023-03-17 16:22:52,0,32,2,0.435483870967742,1,0.5758620689655173,0.0,0.5883203513897414,2024-11-04 08:10:21,0
0.1621020778256025,2023-09-08 17:08:30,1,2,2,0.6935483870967742,2,0.48620689655172417,0.0,0.0663104278831578,2024-11-04 08:10:10,2
0.1864853940440036,2023-03-06 16:45:24,1,29,1,0.5645161290322581,2,0.296551724137931,1.0,0.09008529967147964,2024-11-04 08:09:03,2
0.05421792042648955,2023-04-10 17:49:04,1,36,0,0.5483870967741935,1,0.40344827586206894,0.0,0.24844999828580536,2024-11-04 08:11:40,2
0.07615962769560183,2023-06-15 17:22:42,1,16,2,0.5483870967741935,1,0.5862068965517242,0.0,0.636318474514631,2024-11-04 08:07:56,0
0.061428040813651164,2023-03-27 16:34:18,1,42,1,0.20967741935483875,0,0.02413793103448276,0.0,0.6404903537896139,2024-11-04 08:12:19,0
0.3105923223142302,2023-02-10 16:28:47,1,26,1,0.016129032258064557,3,0.3275862068965517,0.0,0.08104846868636893,2024-11-04 08:08:34,1
0.10311018374882563,2023-04-20 17:54:10,1,28,0,0.16129032258064518,3,0.13793103448275862,0.0,0.12196058158928033,2024-11-04 08:09:07,1
0.10313749481089822,2023-03-13 16:13:13,1,24,1,0.8064516129032258,0,0.7862068965517242,0.0,0.7185231843149171,2024-11-04 08:08:48,0
0.5236295309051978,2023-07-04 16:30:15,1,22,1,0.20967741935483875,1,0.43103448275862066,0.0,0.6638497854567724,2024-11-04 08:06:56,0
0.15452052699425375,2023-08-11 16:31:43,1,3,2,0.09677419354838712,3,0.5862068965517242,0.0,0.03371854536801071,2024-11-04 08:11:16,1
0.08278529135441019,2023-07-17 16:32:45,1,6,0,0.532258064516129,2,0.3275862068965517,0.0,0.14082747874230547,2024-11-04 08:11:54,2
0.2394251567654963,2023-10-30 17:48:09,1,38,2,0.30645161290322587,1,0.32068965517241377,0.0,0.5977625389979289,2024-11-04 08:09:32,0
0.27359675763071073,2023-08-21 18:07:14,1,31,1,0.467741935483871,1,0.6827586206896552,0.0,0.5861631550324387,2024-11-04 08:11:33,0
0.50118530009395,2023-08-30 18:38:56,1,18,0,0.7419354838709677,2,0.22413793103448276,0.25,0.20644080079108407,2024-11-04 08:09:46,2
0.00474666258821473,2023-10-04 16:01:18,1,28,2,0.935483870967742,2,0.3172413793103448,0.0,0.21495597880852046,2024-11-04 08:09:45,2
0.09468198999322686,2023-11-28 16:38:08,1,2,2,0.04838709677419356,3,0.5172413793103449,0.0,0.021460372860869915,2024-11-04 08:09:35,1
0.08146343595009724,2023-05-02 16:30:52,1,6,0,0.5645161290322581,2,0.3896551724137931,0.0,0.06272070256436803,2024-11-04 08:10:16,2
0.2119065306211628,2023-12-19 16:39:57,0,8,1,0.5645161290322581,0,0.7827586206896552,0.0,0.6468422853508957,2024-11-04 08:08:17,0
0.26439292971225065,2023-10-17 17:46:52,0,4,2,0.6935483870967742,2,0.7586206896551725,0.5,0.5248864093940557,2024-11-04 08:11:08,2
0.06870370774978699,2023-06-19 16:38:13,0,5,1,0.7580645161290323,2,0.5413793103448277,0.0,0.3992722403314379,2024-11-04 08:08:06,2
0.028283335882365795,2023-07-27 16:28:26,0,7,1,0.5161290322580645,0,0.07241379310344827,0.0,0.5602337758196373,2024-11-04 08:07:38,0
0.21272040027092573,2023-03-10 16:40:00,0,2,1,0.7096774193548387,0,0.7103448275862069,0.0,0.4721060192433478,2024-11-04 08:10:42,2
0.16906093644169634,2023-05-08 16:31:56,0,35,2,0.7903225806451613,2,0.4379310344827586,0.0,0.2874428853862552,2024-11-04 08:06:24,2
0.11049509493325177,2023-11-14 18:49:52,1,9,0,0.04838709677419356,3,0.08275862068965517,0.25,0.040302397385281734,2024-11-04 08:09:12,1
0.39542048111166944,2023-02-06 16:07:26,1,13,1,0.3709677419354839,0,0.4275862068965517,0.0,0.7273953181646152,2024-11-04 08:08:21,0
0.06812471323384825,2023-02-21 16:52:16,1,42,0,0.09677419354838712,3,0.23448275862068962,0.0,0.03628714844724214,2024-11-04 08:08:27,1
0.2660425178614346,2023-10-19 18:11:23,1,18,1,0.5483870967741935,0,0.5310344827586208,0.0,0.511284442708589,2024-11-04 08:09:23,0
0.3472055321287334,2023-11-28 16:55:41,0,17,1,0.4516129032258065,0,0.23448275862068962,0.0,0.884987620825516,2024-11-04 08:10:43,0
0.11218838078175185,2023-07-13 16:44:25,1,15,1,0.7096774193548387,2,0.46206896551724136,0.0,0.23393446667370274,2024-11-04 08:09:27,2
0.02138456160283161,2023-11-27 16:27:56,1,21,1,0.11290322580645162,3,0.4206896551724138,0.0,0.055103628109834844,2024-11-04 08:11:02,1
0.13859817780593853,2023-05-15 17:33:32,1,26,1,0.27419354838709675,0,0.18275862068965515,0.0,0.3822539844942689,2024-11-04 08:08:07,1
0.2384474207432979,2023-11-16 16:30:01,1,15,1,0.29032258064516125,1,0.7000000000000001,0.0,0.2966719750682149,2024-11-04 08:06:59,1
0.12261028206864909,2023-02-09 16:27:52,1,24,1,0.935483870967742,2,0.18275862068965515,0.0,0.500792899066201,2024-11-04 08:08:39,2
0.4109932487054557,2023-05-29 18:55:01,0,9,0,0.7580645161290323,0,0.3620689655172414,0.0,0.9671748525624523,2024-11-04 08:09:14,0
0.04273634993117612,2023-02-14 16:06:36,0,38,1,0.20967741935483875,0,0.10689655172413794,0.0,0.933684866484402,2024-11-04 08:11:54,0
0.027169044549804452,2023-02-24 18:05:12,0,17,0,0.5645161290322581,0,0.2655172413793103,0.0,0.0056245752326431085,2024-11-04 08:11:22,2
0.07218859927024841,2023-07-24 16:22:38,1,10,0,0.0,3,0.5310344827586208,0.0,0.04196012447070038,2024-11-04 08:11:58,1
0.045281740916340754,2023-08-16 16:11:56,1,20,0,0.6935483870967742,2,0.5758620689655173,0.0,0.19922773849321618,2024-11-04 08:08:46,2
0.08125587187834561,2023-09-01 16:35:51,0,13,1,0.4516129032258065,1,0.5724137931034483,0.0,0.6236657011157055,2024-11-04 08:06:40,0
0.040425834079835694,2023-07-13 17:17:07,0,22,2,0.6612903225806451,0,0.47586206896551725,0.0,0.913861381479572,2024-11-04 08:11:20,0
0.4786591360964846,2023-09-11 16:16:06,0,32,0,0.7096774193548387,2,0.37241379310344824,0.0,0.24478901624720442,2024-11-04 08:06:54,2
0.3361008542900217,2023-09-25 16:40:00,1,17,0,0.3870967741935484,0,0.4241379310344827,0.0,0.9573138636670726,2024-11-04 08:10:55,0
0.35109462736786906,2023-08-01 16:23:37,0,17,2,0.29032258064516125,1,0.14482758620689656,0.0,0.18687814227009122,2024-11-04 08:08:22,1
0.004200441346763093,2023-01-09 16:45:12,1,31,0,0.9838709677419355,2,0.1896551724137931,0.0,0.37167773946795435,2024-11-04 08:10:06,2
0.14784024121130024,2023-04-21 17:03:13,0,21,1,0.9516129032258065,2,0.4586206896551724,0.0,0.30063815098223357,2024-11-04 08:06:51,2
0.27268456815748654,2023-01-17 16:57:06,1,5,0,0.09677419354838712,3,0.4241379310344827,0.0,0.07666281925195234,2024-11-04 08:08:44,1
0.4595031571587756,2023-05-22 16:33:16,0,1,1,0.11290322580645162,3,0.9551724137931035,0.0,0.016813224709410393,2024-11-04 08:09:07,1
0.0756844152155389,2023-10-16 16:12:20,1,13,2,0.9516129032258065,2,0.14827586206896554,0.0,0.20153685955502196,2024-11-04 08:11:48,2
0.12628635102361863,2023-06-08 16:42:30,0,24,1,0.6774193548387097,1,0.2517241379310345,0.0,0.3095660801880102,2024-11-04 08:08:31,2
0.15939828268041686,2023-12-29 18:07:04,1,8,0,0.8709677419354838,2,0.07586206896551724,0.0,0.527587442414823,2024-11-04 08:09:34,2
0.034805217505298344,2023-10-30 16:01:43,1,3,2,0.5806451612903226,0,0.8551724137931035,0.0,0.5278321353017218,2024-11-04 08:06:53,0
0.12833468067906226,2023-10-16 16:44:52,1,4,1,0.7903225806451613,0,0.2206896551724138,0.0,0.3928806470110159,2024-11-04 08:10:59,2
0.11004719351526142,2023-09-05 18:45:22,1,3,2,0.6290322580645161,1,0.23448275862068962,0.0,0.44021258702899146,2024-11-04 08:12:07,2
0.08796893093578624,2023-09-11 16:24:57,1,26,0,0.16129032258064518,3,0.010344827586206896,0.0,0.07841398675297247,2024-11-04 08:08:54,1
0.009913915532347224,2023-12-01 17:26:46,1,1,1,0.5645161290322581,0,0.5448275862068966,0.0,0.5502457348483678,2024-11-04 08:11:30,0
0.2575378531320326,2023-06-06 18:31:06,0,38,1,0.25806451612903225,0,0.10689655172413794,0.0,0.8635709431230209,2024-11-04 08:10:54,0
0.1582730669230265,2023-09-25 17:48:55,1,25,1,0.5967741935483871,1,0.8137931034482759,0.0,0.3122193846511681,2024-11-04 08:07:56,2
0.026103913128973758,2023-05-18 17:34:20,1,27,1,0.14516129032258068,1,0.09655172413793102,0.0,0.35176417521355174,2024-11-04 08:09:07,1
0.19618082107977017,2023-05-29 16:17:37,1,3,1,0.5967741935483871,0,0.06896551724137931,0.0,0.11180918794900979,2024-11-04 08:06:42,2
0.017834123533395963,2023-05-04 16:37:01,1,13,2,0.016129032258064557,3,0.8448275862068966,0.0,0.02185430151944872,2024-11-04 08:06:44,1
0.017233280167799164,2023-04-06 17:41:53,1,13,2,0.532258064516129,2,0.4793103448275862,0.0,0.08768609936010122,2024-11-04 08:06:48,2
0.12013589984487316,2023-09-11 16:25:04,1,4,2,0.16129032258064518,3,0.3172413793103448,0.0,0.06540492975499118,2024-11-04 08:11:18,1
0.2598756800454456,2023-09-01 16:12:35,0,15,1,0.9516129032258065,2,0.30689655172413793,0.0,0.3936691765613793,2024-11-04 08:09:08,2
0.07737223885162446,2023-01-19 17:08:04,1,24,1,0.08064516129032262,3,0.13448275862068965,0.0,0.04636862983411302,2024-11-04 08:09:42,1
0.052202364045533,2023-12-01 16:01:26,1,42,2,0.14516129032258068,3,0.2793103448275862,0.0,0.10918411728049403,2024-11-04 08:08:23,1
0.027797198977473837,2023-03-01 17:26:49,0,20,1,0.4516129032258065,1,0.6517241379310346,0.0,0.597618681091895,2024-11-04 08:10:54,0
0.027578710480893182,2023-08-14 18:14:23,1,4,0,0.7096774193548387,0,0.603448275862069,0.0,0.549165456086702,2024-11-04 08:07:41,2
0.10094714763267713,2023-12-19 16:57:40,1,7,1,0.06451612903225812,3,0.5137931034482759,0.0,0.03591204231842477,2024-11-04 08:07:39,1
0.16019576569293628,2023-01-16 17:26:12,1,34,2,0.3548387096774194,1,0.1206896551724138,0.0,0.1470779030895166,2024-11-04 08:08:24,1
0.1556730538137167,2023-11-01 16:09:05,1,1,0,0.16129032258064518,3,0.2862068965517241,0.0,0.004404471964178037,2024-11-04 08:11:15,1
0.4057167515130328,2023-07-27 16:55:39,1,27,0,0.5161290322580645,1,0.5655172413793104,0.0,0.26951039238924457,2024-11-04 08:09:19,2
0.16255544145600737,2023-02-06 17:32:04,0,25,0,0.16129032258064518,3,0.296551724137931,0.0,0.10607436647062107,2024-11-04 08:11:40,1
0.12653761279468637,2023-07-10 18:00:56,1,16,0,0.7741935483870968,0,0.006896551724137931,0.0,0.3773164315979185,2024-11-04 08:11:27,2
0.161441150123446,2023-12-14 16:15:28,0,6,1,0.467741935483871,1,0.12413793103448274,0.0,0.38959477110123225,2024-11-04 08:07:47,2
0.04414560073412135,2023-09-19 16:56:35,1,29,0,0.6451612903225806,1,0.1586206896551724,0.0,0.5167261705092637,2024-11-04 08:07:17,2
0.4235071773471127,2023-08-21 17:43:17,0,23,1,0.9838709677419355,2,0.5103448275862069,0.0,0.25520930316978124,2024-11-04 08:08:12,2
0.11560772575323909,2023-09-18 16:51:04,1,16,2,0.03225806451612906,3,0.5896551724137932,0.0,0.055477389772240676,2024-11-04 08:08:46,1
0.00925845004260526,2023-12-25 17:18:58,1,29,2,0.08064516129032262,3,0.7206896551724138,0.0,0.05458264737536629,2024-11-04 08:06:59,1
0.020816491511721907,2023-09-01 16:07:38,1,35,0,0.7258064516129032,0,0.43103448275862066,0.0,0.5744125185956511,2024-11-04 08:10:04,2
0.1472230112084599,2023-10-03 16:15:25,1,38,0,0.5483870967741935,1,0.02413793103448276,0.0,0.0799890291540819,2024-11-04 08:07:59,2
0.330551246476873,2023-06-13 16:10:27,1,23,0,0.04838709677419356,3,0.07931034482758621,0.0,0.019504174232091206,2024-11-04 08:09:40,1
0.015802180515195875,2023-01-25 17:39:15,0,26,1,0.6451612903225806,0,0.10689655172413794,0.0,0.803832939292636,2024-11-04 08:11:34,0
0.3831414276038367,2023-06-30 16:57:37,0,39,2,0.6935483870967742,2,0.18620689655172412,0.0,0.4397104288242843,2024-11-04 08:09:49,2
0.47088640783062774,2023-05-25 16:16:02,1,18,1,0.6290322580645161,0,0.21379310344827585,0.0,0.6588745875008991,2024-11-04 08:12:05,0
0.020051781773689614,2023-08-23 17:22:49,1,41,1,0.3709677419354839,1,0.2379310344827586,0.0,0.18477808573527862,2024-11-04 08:07:48,1
0.07501256308855339,2023-01-03 16:27:16,1,26,0,0.19354838709677424,0,0.29310344827586204,0.0,0.7110526566992409,2024-11-04 08:11:30,0
0.09168323537765738,2023-05-19 16:44:53,0,27,2,0.532258064516129,0,0.006896551724137931,0.0,0.7092013264505617,2024-11-04 08:06:59,0
0.23526841311804936,2023-10-10 18:14:12,1,3,1,0.09677419354838712,3,0.2862068965517241,0.0,0.03139665187529537,2024-11-04 08:11:00,1
0.007434071096156787,2023-12-11 18:32:40,1,31,1,0.09677419354838712,3,0.034482758620689655,0.0,0.05731661982321612,2024-11-04 08:07:47,1
0.09548493521816076,2023-11-23 16:59:11,1,19,2,0.16129032258064518,1,0.5482758620689655,0.25,0.6166018745895177,2024-11-04 08:12:07,0
0.16526469881360747,2023-11-03 16:50:20,1,17,0,0.29032258064516125,1,0.5689655172413793,0.0,0.6239897175208847,2024-11-04 08:07:31,0
0.22206624571216327,2023-12-05 16:32:49,1,27,2,0.7741935483870968,2,0.25517241379310346,0.0,0.12544947192720524,2024-11-04 08:08:46,2
0.13985448666127728,2023-04-05 16:21:59,1,27,2,0.5645161290322581,2,0.5586206896551724,0.0,0.2756727541865004,2024-11-04 08:06:23,2
0.04408005418514715,2023-09-27 17:47:10,0,17,2,0.016129032258064557,3,0.3,0.0,0.05766013099136248,2024-11-04 08:06:25,1
0.052175052983460424,2023-03-23 17:09:53,1,1,2,0.06451612903225812,3,0.058620689655172406,0.0,0.01139031943849705,2024-11-04 08:09:16,1
0.20717079245777711,2023-01-03 17:14:14,0,16,1,0.3709677419354839,0,0.37241379310344824,0.0,0.8382452293289971,2024-11-04 08:06:23,0
0.49319954554392714,2023-07-06 17:52:32,1,12,2,0.06451612903225812,3,0.1896551724137931,0.0,0.5730707411169425,2024-11-04 08:06:37,0
0.07752518079923092,2023-06-15 18:28:50,1,15,1,0.0,3,0.058620689655172406,0.75,0.028385719346670002,2024-11-04 08:09:44,1
0.4627531735454129,2023-06-19 16:24:14,1,17,1,0.16129032258064518,3,0.5689655172413793,0.0,0.021519529382977312,2024-11-04 08:09:30,1
0.16109156852891696,2023-05-09 17:54:39,0,9,1,0.7741935483870968,0,0.07241379310344827,0.0,0.8644468629901337,2024-11-04 08:07:53,0
0.009941226594419806,2023-11-20 16:29:14,1,5,1,0.8064516129032258,2,0.7000000000000001,0.0,0.4221221192286259,2024-11-04 08:10:17,2
0.3293550219580939,2023-08-24 17:34:13,1,11,1,0.16129032258064518,3,0.13103448275862067,0.0,0.0010607839986985562,2024-11-04 08:08:18,1
0.029627040136336824,2023-11-22 16:59:09,0,30,1,0.6290322580645161,2,0.4724137931034483,0.0,0.10843256055644777,2024-11-04 08:08:27,2
0.2264141667941183,2024-01-01 17:37:04,1,37,2,0.1774193548387097,0,0.9103448275862069,0.0,0.3695675994350553,2024-11-04 08:08:05,1
0.4839137844392493,2023-08-21 17:32:04,1,7,1,0.6935483870967742,2,0.20344827586206898,0.0,0.5244790360713616,2024-11-04 08:08:29,2
0.24021171535318664,2023-11-29 16:11:50,1,38,2,0.5,1,0.2689655172413793,0.0,0.09332210255724235,2024-11-04 08:10:19,2
0.04158382311171317,2023-01-13 17:19:33,1,10,1,0.0,3,0.7206896551724138,0.0,0.39485634040276185,2024-11-04 08:10:09,1
0.3253566824706679,2023-08-10 18:39:04,0,35,0,0.016129032258064557,3,0.5241379310344828,0.0,0.10564548168534243,2024-11-04 08:10:21,1
0.003151696563175949,2023-08-09 18:42:25,1,6,1,0.935483870967742,2,0.2068965517241379,0.0,0.21434290212486196,2024-11-04 08:09:27,2
0.1360527868207739,2023-08-15 17:21:47,1,5,0,0.12903225806451613,1,0.6448275862068966,0.0,0.19688164460509325,2024-11-04 08:07:57,1
0.23010116017391685,2023-08-15 17:35:08,1,38,1,0.03225806451612906,3,0.19655172413793104,0.0,0.01799299398552951,2024-11-04 08:10:21,1
0.10351438746749984,2023-02-27 16:08:40,1,33,1,0.6451612903225806,1,0.04827586206896552,0.0,0.4348111932206626,2024-11-04 08:11:28,2
0.03983591513906793,2023-10-18 16:20:15,1,1,1,0.935483870967742,2,0.7000000000000001,0.0,0.14538925327663274,2024-11-04 08:10:26,2
0.10261858463151916,2023-06-02 18:12:29,0,17,2,0.9193548387096775,2,0.6482758620689656,0.0,0.33125434010563476,2024-11-04 08:10:08,2
0.01652865476632655,2023-05-19 17:19:00,1,17,1,0.7096774193548387,0,0.38620689655172413,0.0,0.8218413946418981,2024-11-04 08:07:18,0
0.6748181083265967,2023-05-24 16:14:34,0,38,1,0.03225806451612906,3,0.37241379310344824,0.0,0.021380377109383775,2024-11-04 08:09:22,1
0.6331414276038367,2023-10-12 16:29:49,1,28,2,0.3709677419354839,0,0.4827586206896552,0.0,0.43004976542422285,2024-11-04 08:06:27,0
0.09284668662194936,2023-06-05 16:24:12,1,37,1,0.7096774193548387,2,0.4241379310344827,0.0,0.340875341746556,2024-11-04 08:08:04,2
0.03078502916821429,2023-02-27 17:59:36,1,2,1,0.5806451612903226,0,0.38275862068965516,0.0,0.5968691410674661,2024-11-04 08:08:45,0
0.028884179247962594,2023-04-21 17:19:56,1,19,0,0.25806451612903225,0,0.2068965517241379,0.0,0.5252023590007657,2024-11-04 08:07:15,0
0.32061548209486773,2023-07-31 17:54:28,1,29,2,0.14516129032258068,3,0.46206896551724136,0.0,0.026797904514650993,2024-11-04 08:09:21,1
0.011476108282898906,2023-07-24 17:01:19,0,16,2,0.7096774193548387,2,0.3586206896551724,0.0,0.49009766876246574,2024-11-04 08:09:54,2
0.7632513273176167,2023-11-13 17:28:12,0,2,0,0.12903225806451613,3,0.46206896551724136,0.0,0.06941412859417888,2024-11-04 08:06:38,1
0.04138172125237606,2023-07-12 16:58:17,0,0,2,0.25806451612903225,0,0.6172413793103448,0.0,0.9857096665118291,2024-11-04 08:11:51,0
0.0736797832594114,2023-03-20 17:13:09,1,7,2,0.8709677419354838,2,0.13793103448275862,0.0,0.38827786625113697,2024-11-04 08:10:37,2
0.021422797089733225,2023-05-26 16:47:51,1,29,0,0.6129032258064516,2,0.09655172413793102,0.0,0.38904219540609275,2024-11-04 08:11:50,2
0.24657519281609824,2023-04-18 18:55:32,1,15,2,0.24193548387096775,1,0.017241379310344827,0.0,0.2876714446762155,2024-11-04 08:09:51,1
0.1937665231925539,2023-08-29 16:50:17,0,13,2,0.12903225806451613,3,0.07931034482758621,0.0,0.005597685904412473,2024-11-04 08:10:34,1
0.23347134523367347,2023-03-28 16:02:03,1,33,0,0.4032258064516129,1,0.7793103448275862,0.0,0.15739264939878825,2024-11-04 08:11:53,1
0.13906792807358695,2023-01-26 17:21:46,1,4,1,0.08064516129032262,3,0.3172413793103448,0.0,0.04017937870862657,2024-11-04 08:11:39,1
0.10373287596408048,2023-06-09 17:41:13,1,3,0,0.5,0,0.8793103448275862,0.0,0.8598971886535103,2024-11-04 08:08:48,0
0.11272367759837444,2023-12-07 16:11:01,0,28,2,0.6612903225806451,2,0.4068965517241379,0.0,0.5058104477140374,2024-11-04 08:10:42,2
0.05077672660534423,2023-04-07 17:11:35,1,5,2,0.5483870967741935,2,0.14482758620689656,0.0,0.06133657439369608,2024-11-04 08:09:41,2
0.35001857152220933,2023-12-11 16:09:08,1,7,0,0.08064516129032262,3,0.05172413793103449,0.0,0.10083027523244147,2024-11-04 08:07:21,1
0.1716718739758352,2023-04-25 17:15:27,0,9,1,0.14516129032258068,3,0.031034482758620682,0.25,0.0674713746295155,2024-11-04 08:07:16,1
0.45674473988944486,2023-02-27 16:02:00,1,41,2,0.6935483870967742,2,0.18275862068965515,0.0,0.10955317331045951,2024-11-04 08:12:12,2
0.5980194017784963,2023-04-17 17:27:15,1,37,0,0.1774193548387097,1,0.14482758620689656,0.0,0.5774664740494455,2024-11-04 08:11:57,0
0.10333959667023532,2023-03-21 17:12:03,0,4,1,0.5645161290322581,0,0.17931034482758618,0.0,0.8387151203398274,2024-11-04 08:09:31,0
0.05002294129214097,2023-07-05 17:21:56,0,23,1,0.7903225806451613,2,0.24137931034482757,0.0,0.10824366302562757,2024-11-04 08:08:32,2
0.3327907535668247,2023-07-28 16:03:27,1,42,0,0.967741935483871,2,0.5482758620689655,0.0,0.22740506554609877,2024-11-04 08:08:19,2
0.46922589525661473,2023-08-01 17:18:04,0,7,1,0.967741935483871,2,0.2,0.0,0.07022013620789216,2024-11-04 08:06:56,2
0.05448556883480085,2023-06-29 16:06:51,1,30,0,0.5161290322580645,0,0.18275862068965515,0.0,0.42289653188166815,2024-11-04 08:09:27,2
0.015578229806200704,2023-08-07 16:08:04,0,40,2,0.3548387096774194,0,0.1413793103448276,0.0,0.038878607455469595,2024-11-04 08:11:39,1
0.060532237977670475,2023-05-15 17:46:13,1,6,2,0.8387096774193548,0,0.2517241379310345,0.0,0.4662031394635176,2024-11-04 08:10:59,2
0.2571063383512858,2023-03-10 16:22:05,0,16,2,0.8225806451612903,0,0.393103448275862,0.25,0.8664299509471431,2024-11-04 08:11:10,0
0.028387117918241604,2023-09-11 18:08:19,0,37,1,0.16129032258064518,3,0.296551724137931,0.0,0.00018889753082021194,2024-11-04 08:08:11,1
0.04280189648015032,2023-07-31 16:46:29,1,28,1,0.22580645161290325,0,0.14482758620689656,0.0,0.08461063244372233,2024-11-04 08:08:12,1
0.182279490484826,2023-03-22 16:18:37,1,14,1,0.5483870967741935,0,0.1206896551724138,0.0,0.34520250689207094,2024-11-04 08:11:48,2
0.016719832200834627,2023-07-12 16:50:42,1,14,0,0.24193548387096775,0,0.9827586206896551,0.0,0.9576936754283303,2024-11-04 08:10:43,0
0.38790993904170945,2023-03-08 17:07:21,1,36,2,0.7903225806451613,2,0.3620689655172414,0.0,0.3712979277066966,2024-11-04 08:08:42,2
0.12015228648211672,2023-09-18 18:35:23,1,25,0,0.3709677419354839,1,0.13103448275862067,0.0,0.22424489724579336,2024-11-04 08:06:33,1
0.01475889794402325,2023-12-25 16:30:45,1,1,0,0.1774193548387097,0,0.296551724137931,0.0,0.7102842941450506,2024-11-04 08:09:42,0
0.05531036290939282,2023-08-09 16:22:25,1,40,0,0.5,1,0.30344827586206896,0.0,0.128846938549146,2024-11-04 08:08:38,2
0.08870086739933143,2023-05-11 17:15:10,1,27,0,0.6612903225806451,1,0.4724137931034483,0.0,0.6318151842692054,2024-11-04 08:11:20,0
0.005604229937293801,2023-07-19 17:38:50,1,18,0,0.5967741935483871,2,0.06896551724137931,0.0,0.15937237618976877,2024-11-04 08:11:06,2
0.14773099696300993,2023-03-27 17:25:32,1,20,1,0.32258064516129037,0,0.09310344827586207,0.0,0.4315918683982498,2024-11-04 08:12:10,0
0.13509143743581903,2023-05-29 18:40:32,1,35,0,0.33870967741935487,1,0.489655172413793,0.0,0.045479265302884764,2024-11-04 08:07:18,1
0.19630645196530402,2023-01-12 17:58:56,0,17,2,0.11290322580645162,3,0.9620689655172414,0.0,0.007887312203251055,2024-11-04 08:09:04,1
0.05989315912517206,2023-05-01 16:23:22,1,39,1,0.32258064516129037,0,0.27586206896551724,0.0,0.8600457521919845,2024-11-04 08:10:57,0
0.11768882868316984,2023-10-11 18:04:39,0,8,1,0.19354838709677424,1,0.4379310344827586,0.0,0.5777783902569209,2024-11-04 08:11:54,0
0.12236448250999586,2023-02-15 16:50:13,1,6,2,0.7419354838709677,2,0.2,0.0,0.38084095029574905,2024-11-04 08:10:52,2
0.332392012060565,2023-11-03 18:37:18,1,13,2,0.5967741935483871,1,0.506896551724138,0.0,0.19420615644614508,2024-11-04 08:12:18,2
0.4587712206952304,2023-03-20 16:35:53,0,7,1,0.03225806451612906,3,0.2,0.0,0.07626889059337354,2024-11-04 08:12:12,1
0.11092660971399856,2023-12-20 17:13:50,1,31,0,0.6774193548387097,0,0.19310344827586207,0.0,0.9064923610779664,2024-11-04 08:09:43,0
0.049498568900347394,2023-11-20 17:08:33,1,7,0,0.12903225806451613,1,0.9448275862068966,0.0,0.47158167734285045,2024-11-04 08:10:50,0
0.03269134130088051,2023-11-27 17:39:39,0,0,1,0.6935483870967742,2,0.38620689655172413,0.0,0.4795489852975876,2024-11-04 08:08:09,2
0.21502545390985167,2023-05-16 16:57:35,1,22,1,0.8709677419354838,2,0.1275862068965517,0.0,0.4851130595417118,2024-11-04 08:12:07,2
0.010449212348969828,2023-11-17 16:39:20,1,7,0,0.4032258064516129,0,0.1206896551724138,0.0,0.6551181483470795,2024-11-04 08:11:24,0
0.3043271646747799,2023-04-14 16:52:23,0,42,2,1.0,2,0.13448275862068965,0.0,0.19269900959881797,2024-11-04 08:09:54,2
0.03103082872686753,2023-08-25 16:30:02,0,4,2,0.20967741935483875,0,0.30689655172413793,0.0,0.6199005229302108,2024-11-04 08:11:35,0
0.21576285258581135,2023-08-07 16:38:52,0,24,2,0.0,3,0.5413793103448277,0.0,0.11171709199981986,2024-11-04 08:08:21,1
0.15774323231881843,2023-06-09 17:58:00,1,27,0,0.9193548387096775,2,0.36551724137931035,0.0,0.3751928469009041,2024-11-04 08:11:58,2
0.025044243920557582,2023-03-27 17:07:20,1,37,2,0.24193548387096775,0,0.7689655172413793,0.0,0.3444206996737652,2024-11-04 08:10:44,1
0.183115208984247,2023-08-14 16:01:02,1,34,0,0.7258064516129032,2,0.1275862068965517,0.0,0.4264109670814122,2024-11-04 08:12:23,2
0.21183005964735957,2023-09-05 17:34:08,1,39,2,0.09677419354838712,3,0.2,0.0,0.012605044841315992,2024-11-04 08:10:37,1
0.28436277829972256,2023-03-20 16:29:02,0,34,2,0.532258064516129,1,0.19310344827586207,0.0,0.6116340711989078,2024-11-04 08:08:47,0
0.4299580502086565,2023-06-19 16:22:28,1,22,2,0.11290322580645162,3,0.09999999999999999,0.0,0.013355257098950715,2024-11-04 08:06:44,1
0.017173195831239486,2023-06-01 16:56:33,0,33,0,0.4838709677419355,0,0.38275862068965516,0.0,0.04313720481399644,2024-11-04 08:08:02,2
0.012038716161594094,2023-05-01 16:57:17,1,30,0,0.04838709677419356,3,0.27586206896551724,0.0,0.07382128949117997,2024-11-04 08:12:18,1
0.11080644104087921,2023-01-18 16:59:48,1,38,0,0.6129032258064516,2,0.5896551724137932,0.0,0.09815882047272785,2024-11-04 08:09:15,2
0.17243112150145296,2023-02-27 17:06:57,0,33,1,0.5,0,0.5586206896551724,0.0,0.5120743167253639,2024-11-04 08:12:09,0
0.10485809172147087,2023-12-28 16:34:52,1,0,2,0.5806451612903226,1,0.09999999999999999,0.5,0.1686276829667534,2024-11-04 08:06:41,2
0.8250398741506261,2023-06-15 16:48:29,1,28,2,0.7741935483870968,2,0.1413793103448276,0.0,0.13161116149125526,2024-11-04 08:09:11,2
0.0,2023-11-23 16:14:48,1,28,2,0.03225806451612906,3,0.5620689655172414,0.0,0.11639516287874462,2024-11-04 08:07:45,1
0.11498503353798424,2023-05-31 16:50:20,1,23,0,0.8548387096774193,2,0.5206896551724138,0.0,0.3559105096267156,2024-11-04 08:11:21,2
0.22197885031353098,2023-11-08 18:32:44,1,23,0,0.6290322580645161,0,0.33448275862068966,0.0,0.8667438838542358,2024-11-04 08:11:01,0
0.2308549454871201,2023-02-27 16:15:53,1,40,0,0.3548387096774194,1,0.3482758620689655,0.0,0.5051314921762139,2024-11-04 08:10:52,0
0.011121064475955343,2023-06-21 17:10:18,0,30,0,0.27419354838709675,0,0.7413793103448276,0.0,0.8334750625008823,2024-11-04 08:08:49,0
0.09511350477397365,2023-01-09 16:08:52,1,37,0,0.016129032258064557,3,0.0896551724137931,0.0,0.06889583679253337,2024-11-04 08:11:01,1
0.029818217570844897,2023-09-05 16:05:58,0,37,1,0.6451612903225806,2,0.10344827586206896,0.0,0.1764780223436873,2024-11-04 08:09:36,2
0.11166947060237278,2023-09-21 16:08:00,1,28,1,0.5,0,0.29310344827586204,1.0,0.3371135247270901,2024-11-04 08:10:26,2
0.008897944023247178,2023-09-11 17:05:50,1,40,1,0.12903225806451613,1,0.5137931034482759,0.0,0.40250568205117176,2024-11-04 08:08:11,1
0.04973890624658611,2023-11-10 16:43:45,1,25,1,0.6451612903225806,1,0.23103448275862065,0.0,0.16912715223863742,2024-11-04 08:08:22,2
0.02696148047805283,2023-12-07 16:19:07,1,32,0,0.5967741935483871,1,0.3482758620689655,0.0,0.2513627847663889,2024-11-04 08:07:23,2
0.26595512246280234,2023-01-02 16:01:14,0,20,1,0.16129032258064518,3,0.25517241379310346,0.0,0.014722579439478509,2024-11-04 08:12:22,1
0.2214053180100068,2023-08-08 17:41:41,1,40,2,0.30645161290322587,1,0.11724137931034483,0.0,0.6488751185651317,2024-11-04 08:09:24,0
0.28004216827984013,2023-10-16 17:08:36,1,8,1,0.6290322580645161,1,0.4586206896551724,0.0,0.6374330371697907,2024-11-04 08:10:05,0
0.1888177587450021,2023-10-09 17:32:57,1,32,0,0.20967741935483875,0,0.5275862068965518,0.0,0.5056780177725015,2024-11-04 08:11:40,0
0.19461862832921847,2023-10-09 17:23:21,1,27,2,0.467741935483871,1,0.14482758620689656,0.0,0.1602288012939145,2024-11-04 08:11:57,2
0.005489523476588958,2023-01-13 16:23:56,1,21,2,0.29032258064516125,1,0.9310344827586207,0.0,0.13684651369775994,2024-11-04 08:11:14,1
0.11548755708011973,2023-10-20 16:02:07,1,1,1,0.19354838709677424,0,0.3482758620689655,0.0,0.4242228479966443,2024-11-04 08:07:50,1
0.1208405252463458,2023-09-13 18:11:22,0,28,1,0.08064516129032262,3,0.6413793103448276,0.0,0.040673470114864496,2024-11-04 08:11:50,1
0.06370032117808998,2023-10-04 17:10:02,1,22,0,0.435483870967742,0,0.8724137931034484,0.0,0.5119149974555974,2024-11-04 08:10:02,0
0.17943914002927747,2023-04-03 17:59:23,0,36,2,0.33870967741935487,0,0.8172413793103449,0.0,0.4614766677937777,2024-11-04 08:09:57,0
0.042206515326968036,2023-07-25 18:00:25,1,21,1,0.5806451612903226,2,0.15517241379310343,0.0,0.33990799816345896,2024-11-04 08:07:12,2
0.23022132884703622,2023-06-20 17:07:05,1,38,2,0.7903225806451613,0,0.32068965517241377,0.0,0.8019029577588821,2024-11-04 08:10:18,0
0.17120212370818677,2023-03-10 16:35:33,1,28,1,0.8870967741935485,2,0.489655172413793,0.0,0.4699905013448026,2024-11-04 08:10:23,2
0.22474819200769083,2023-06-20 18:43:51,1,42,1,0.1774193548387097,0,0.493103448275862,0.0,0.5672075230962524,2024-11-04 08:11:43,0
0.27773711464091416,2023-07-14 16:22:54,1,6,1,0.6612903225806451,2,0.27241379310344827,0.0,0.5067542631349327,2024-11-04 08:09:07,2
0.08347353011863927,2023-11-27 16:57:08,1,29,0,0.09677419354838712,3,0.6586206896551724,0.0,0.07999642371934534,2024-11-04 08:09:29,1
0.012426533243024757,2023-06-09 18:33:04,1,19,1,0.7258064516129032,2,0.5379310344827587,0.0,0.3936967381228157,2024-11-04 08:09:14,2
0.03770019008499203,2023-10-30 16:36:24,1,20,2,0.11290322580645162,3,0.4103448275862069,0.0,0.04077363286252361,2024-11-04 08:11:01,1
0.027851821101619,2023-08-29 16:16:15,0,2,1,0.16129032258064518,3,0.19310344827586207,0.0,0.11039413705087261,2024-11-04 08:11:52,1
0.22252507155498263,2023-08-07 17:17:34,1,10,0,0.11290322580645162,3,0.8724137931034484,0.0,0.011534177344530945,2024-11-04 08:08:37,1
0.25071008761388713,2023-05-23 16:44:33,1,40,1,0.11290322580645162,3,0.16896551724137931,0.0,0.0019198980356673482,2024-11-04 08:11:47,1
0.1645764600493784,2023-02-09 17:46:49,1,39,1,0.5,0,0.37241379310344824,0.0,0.6915531880995901,2024-11-04 08:10:23,0
0.009509711813673013,2023-06-27 17:50:21,1,36,2,0.7258064516129032,0,0.2793103448275862,0.0,0.06359191679904061,2024-11-04 08:10:55,2
0.002747492844501737,2023-03-13 18:24:20,0,37,2,0.22580645161290325,0,0.4206896551724138,0.0,0.860087430650742,2024-11-04 08:11:04,0
0.21909480215866636,2023-09-18 16:18:19,1,20,1,0.4032258064516129,1,0.8310344827586207,0.0,0.5449350925228174,2024-11-04 08:11:41,0
0.07927855098429068,2023-07-06 17:53:38,1,40,2,0.32258064516129037,1,0.04827586206896552,0.0,0.345681809167782,2024-11-04 08:09:52,1
0.01859883327142826,2023-04-28 16:55:28,1,30,0,0.09677419354838712,3,0.8310344827586207,0.0,0.09294027409636733,2024-11-04 08:11:26,1
0.4262328213419564,2023-06-28 17:58:48,0,40,2,0.08064516129032262,3,0.46551724137931033,0.0,0.4309781194813856,2024-11-04 08:07:01,1
0.15424741637352793,2023-03-08 17:42:36,1,13,0,0.27419354838709675,0,0.5206896551724138,0.0,0.9208889074126484,2024-11-04 08:08:51,0
0.16660294085516397,2023-09-27 16:25:38,1,19,2,0.8064516129032258,0,0.4724137931034483,0.0,0.8642532598268732,2024-11-04 08:09:31,0
0.10135135135135136,2023-09-20 16:30:06,1,2,2,0.22580645161290325,0,0.36551724137931035,0.0,0.6377147028830066,2024-11-04 08:10:15,0
0.24453778758548364,2023-01-11 17:27:56,1,40,1,0.1774193548387097,1,0.22413793103448276,0.0,0.5002893963950822,2024-11-04 08:09:20,0
0.15241757521466495,2023-06-22 17:28:02,1,28,0,0.016129032258064557,3,0.13103448275862067,0.0,0.07336820431049376,2024-11-04 08:07:20,1
0.3336810941903909,2023-08-11 17:12:30,1,11,0,0.14516129032258068,3,0.38275862068965516,0.0,0.05314877394746768,2024-11-04 08:09:23,1
0.15017806812471324,2023-08-24 17:13:38,1,27,2,0.5806451612903226,1,0.24482758620689654,0.0,0.07582252774474499,2024-11-04 08:09:50,2
0.23352596735781864,2023-02-21 17:42:42,1,38,1,0.0,3,0.6172413793103448,0.0,0.0925981073946325,2024-11-04 08:08:54,1
0.05601498831086544,2023-12-04 16:23:00,1,39,1,0.935483870967742,2,0.1275862068965517,0.0,0.21018513974720002,2024-11-04 08:08:07,2
0.0122080447464441,2023-12-21 17:56:04,1,39,2,0.016129032258064557,3,0.46551724137931033,0.0,0.06785992542244816,2024-11-04 08:06:47,1
0.037153968843540386,2023-06-08 18:54:04,1,4,2,0.6129032258064516,1,0.9758620689655172,0.0,0.2091290613809418,2024-11-04 08:08:24,2
0.01823832725207018,2023-09-18 17:18:03,0,27,2,0.7258064516129032,0,0.4689655172413793,0.0,0.8482057087388302,2024-11-04 08:07:24,0
0.1979615023269025,2023-01-16 18:02:19,0,24,0,0.7258064516129032,2,0.4379310344827586,0.0,0.13031711257015596,2024-11-04 08:06:30,2
0.039857763988725994,2023-06-23 16:41:27,1,37,1,0.03225806451612906,3,0.5586206896551724,0.0,0.08118224309431635,2024-11-04 08:12:22,1
0.35735432279490487,2023-11-20 16:31:36,0,2,2,0.11290322580645162,3,0.32413793103448274,0.0,0.00419540743718485,2024-11-04 08:08:39,1
0.009995848718564968,2023-04-24 17:04:21,0,22,1,0.5,1,0.5206896551724138,0.0,0.27750929530465274,2024-11-04 08:07:40,2
0.2123653564639822,2023-01-06 17:35:08,1,9,0,0.14516129032258068,3,0.10689655172413794,0.0,0.044286723595856094,2024-11-04 08:11:28,1
0.036405645742751645,2023-01-30 18:47:17,1,39,0,0.33870967741935487,0,0.2586206896551724,0.0,0.051688011191338416,2024-11-04 08:10:19,1
0.18310428455941796,2023-03-02 16:06:18,1,28,1,0.435483870967742,1,0.49999999999999994,0.0,0.1963566304713901,2024-11-04 08:06:45,2
0.02069086062618803,2023-12-28 16:51:20,1,0,2,0.016129032258064557,3,0.5655172413793104,0.0,0.06836678925959563,2024-11-04 08:09:59,1
0.5881273350958073,2023-12-20 18:12:25,1,11,1,0.6774193548387097,0,0.5620689655172414,0.0,0.7886324020438579,2024-11-04 08:09:33,0
0.19650855382464114,2023-02-09 16:29:06,1,9,2,0.8064516129032258,2,0.2,0.0,0.4233986900863753,2024-11-04 08:08:53,2
0.30995324346173175,2023-02-06 18:39:23,1,22,2,0.7258064516129032,0,0.24137931034482757,0.0,0.9264744931193571,2024-11-04 08:10:40,0
0.11903799514955538,2023-05-23 16:29:31,1,2,0,0.016129032258064557,3,0.603448275862069,0.0,0.03486403075063577,2024-11-04 08:10:27,1
0.11455898096965196,2023-09-07 17:19:21,1,10,0,0.016129032258064557,3,0.10344827586206896,0.0,0.1234092441477058,2024-11-04 08:11:39,1
0.00587734055801962,2023-11-13 16:32:53,1,40,1,0.016129032258064557,3,0.9310344827586207,0.0,0.057986164096158935,2024-11-04 08:06:56,1
0.0454292206515327,2023-05-30 16:28:48,1,27,2,0.6129032258064516,2,0.34137931034482755,0.0,0.1188481418465843,2024-11-04 08:11:40,2
0.188287924140794,2023-03-20 17:30:52,1,2,2,0.25806451612903225,0,0.3310344827586207,0.0,0.3680974254140452,2024-11-04 08:09:39,1
0.09396644016692521,2023-01-30 17:22:39,1,12,0,0.29032258064516125,1,0.9413793103448276,0.0,0.5780264443098484,2024-11-04 08:08:42,0
0.10666608403067579,2023-07-17 16:05:23,1,29,2,0.6774193548387097,2,0.8448275862068966,0.0,0.18099610171963978,2024-11-04 08:09:01,2
0.0984290677095851,2023-03-13 16:26:30,1,14,0,0.11290322580645162,3,0.08275862068965517,0.0,0.04904277352664969,2024-11-04 08:11:23,1
0.37814350324455415,2023-03-07 16:51:37,1,5,1,0.5645161290322581,2,0.34137931034482755,0.0,0.15793178042981248,2024-11-04 08:12:17,2
0.08032183355546331,2023-06-12 17:10:27,0,23,2,0.25806451612903225,0,0.2827586206896551,0.0,0.9090824756197824,2024-11-04 08:07:58,0
0.058565841508444585,2023-02-07 17:38:18,1,20,1,0.03225806451612906,3,0.32068965517241377,0.0,0.08585695280721227,2024-11-04 08:12:07,1
1.0000000000000002,2023-09-15 17:31:42,0,8,2,0.7096774193548387,0,0.2517241379310345,0.0,0.7660641888598859,2024-11-04 08:10:52,0
0.04438047586794556,2023-08-10 16:10:22,1,42,1,0.11290322580645162,3,0.3,0.0,0.05131088836290376,2024-11-04 08:07:15,1
0.1994909218029671,2023-05-22 17:59:02,0,39,2,0.935483870967742,2,0.7103448275862069,0.0,0.47360173812617684,2024-11-04 08:10:38,2
0.2681072341541218,2023-06-05 16:08:37,0,15,2,0.27419354838709675,1,0.396551724137931,0.0,0.5197471865359756,2024-11-04 08:07:32,0
0.2471869606065241,2023-11-24 16:45:11,1,20,1,1.0,2,0.48620689655172417,0.0,0.3185356878525443,2024-11-04 08:07:34,2
0.04815486464637637,2023-10-18 16:28:19,1,12,0,0.7096774193548387,0,0.2793103448275862,0.0,0.8254519591900666,2024-11-04 08:09:15,0
0.08481177216019577,2023-03-24 17:04:32,1,3,0,0.1774193548387097,1,0.19310344827586207,0.0,0.2625642066740657,2024-11-04 08:08:36,1
0.5416111341737858,2023-12-04 16:16:19,1,25,2,0.4032258064516129,1,1.0,0.0,0.22794957444276914,2024-11-04 08:10:11,1
0.021291703991784833,2023-11-14 18:33:32,1,9,0,0.9516129032258065,2,0.3310344827586207,0.0,0.4275544357644199,2024-11-04 08:11:18,2
0.082889073390286,2023-02-23 16:41:55,1,13,0,0.3870967741935484,1,0.3482758620689655,0.5,0.3040457011022608,2024-11-04 08:11:14,1
0.04288382966636806,2023-05-08 18:36:59,0,19,0,0.4838709677419355,1,0.13793103448275862,0.0,0.4281029780603249,2024-11-04 08:06:41,0
0.014332845375690972,2023-02-08 16:42:59,1,16,2,0.4838709677419355,1,0.5827586206896552,0.0,0.3194875700719088,2024-11-04 08:07:24,2
0.045533002687408515,2023-06-22 17:18:09,1,33,0,0.4838709677419355,0,0.4689655172413793,0.0,0.8436540177025893,2024-11-04 08:12:06,0
0.07784745133168738,2023-05-09 16:40:52,1,36,1,0.8064516129032258,0,0.4827586206896552,0.0,0.7800379005081411,2024-11-04 08:12:22,0
0.030440909786099764,2023-11-13 16:16:24,1,12,0,0.27419354838709675,0,0.29310344827586204,0.0,0.05582291764000434,2024-11-04 08:07:20,1
0.42289540955668686,2023-03-06 16:12:45,1,21,1,0.6935483870967742,0,0.07241379310344827,0.0,0.7738331880189221,2024-11-04 08:08:33,0
0.05741331468898163,2023-05-11 18:31:20,1,34,0,0.11290322580645162,3,0.5172413793103449,0.0,0.06496125583918569,2024-11-04 08:09:44,1
0.06476545259892066,2023-06-26 16:10:25,1,41,2,0.16129032258064518,3,0.9827586206896551,0.0,0.1017828296850117,2024-11-04 08:08:28,1
0.025104328257117264,2023-11-13 16:41:09,1,38,1,0.08064516129032262,3,0.7137931034482758,0.0,0.024810783158407054,2024-11-04 08:08:59,1
0.36020559767528243,2023-05-05 16:10:24,0,38,1,0.04838709677419356,3,0.47586206896551725,0.0,0.0003132606738868995,2024-11-04 08:09:32,1
0.20631322510869804,2023-11-17 16:50:08,1,24,2,0.8709677419354838,2,0.5172413793103449,0.0,0.15830419762580678,2024-11-04 08:11:04,2
0.06218182612685442,2023-05-22 17:45:02,1,4,1,0.8225806451612903,2,0.47586206896551725,0.0,0.3885454150670318,2024-11-04 08:11:19,2
0.00603028250562608,2023-12-01 16:33:43,0,21,2,0.5967741935483871,2,0.10689655172413794,0.0,0.12347512300187086,2024-11-04 08:09:25,2
0.05202211103585396,2023-05-22 16:24:02,1,29,2,0.6290322580645161,2,0.02413793103448276,0.0,0.26733975136782656,2024-11-04 08:08:19,2
0.0713747296204855,2023-02-08 16:52:09,0,15,1,0.16129032258064518,1,0.4793103448275862,0.0,0.05094989913140748,2024-11-04 08:11:18,1
0.1489599947562761,2023-04-17 18:42:04,1,4,2,0.8064516129032258,2,0.5655172413793104,0.0,0.5182319728901793,2024-11-04 08:10:58,2
0.039923310537700187,2023-03-13 16:33:49,1,37,1,0.09677419354838712,3,0.1275862068965517,0.0,0.07257698582730733,2024-11-04 08:09:57,1
0.016211846446284605,2023-10-13 16:22:08,1,37,0,0.6451612903225806,0,0.803448275862069,0.0,0.7269086213236408,2024-11-04 08:12:01,0
0.1676789967008237,2023-11-02 16:05:49,1,38,0,0.016129032258064557,3,0.43448275862068964,0.25,0.10544112279078961,2024-11-04 08:09:50,1
0.4480106622386332,2023-04-03 16:22:48,0,13,2,0.5645161290322581,1,0.803448275862069,0.0,0.37104987365376896,2024-11-04 08:10:23,2
0.08346806790622474,2023-04-03 18:37:57,1,11,0,0.6129032258064516,1,0.36551724137931035,0.0,0.5896312061409849,2024-11-04 08:12:06,0
0.028774934999672267,2023-06-12 17:36:25,1,40,1,0.3709677419354839,0,0.4689655172413793,0.0,0.4630826329223524,2024-11-04 08:11:08,0
0.2098308899036466,2023-04-17 16:53:29,1,17,0,0.6774193548387097,1,0.1896551724137931,0.0,0.5195932451318552,2024-11-04 08:10:13,2
0.12844938713976708,2023-07-10 18:34:22,1,31,1,0.532258064516129,2,0.5689655172413793,0.0,0.4081147959200822,2024-11-04 08:11:06,2
0.06225283488824314,2023-06-07 17:35:50,1,9,0,0.6129032258064516,0,0.18620689655172412,0.0,0.6333458592787341,2024-11-04 08:06:35,0
0.00675129454434224,2023-05-05 16:35:44,1,12,1,0.24193548387096775,0,0.17586206896551726,0.0,0.42473508969943785,2024-11-04 08:09:03,0
0.5446426620638424,2023-12-22 18:24:01,1,13,0,0.08064516129032262,3,0.46551724137931033,0.0,0.07017375211669431,2024-11-04 08:07:23,1
0.20388254058423824,2023-09-25 16:23:23,1,7,0,0.27419354838709675,1,0.7758620689655172,0.0,0.4254032895059691,2024-11-04 08:11:16,0
0.1834156306670454,2023-04-24 17:18:18,1,35,1,0.16129032258064518,3,0.5310344827586208,0.0,0.10304326694582272,2024-11-04 08:12:13,1
0.061182241254997924,2023-10-19 17:34:53,1,39,1,0.6451612903225806,0,0.3172413793103448,0.0,0.4885582547212619,2024-11-04 08:11:23,2
0.2702156481461251,2023-03-31 16:34:38,1,34,0,0.3548387096774194,1,0.4206896551724138,0.0,0.4572180704352509,2024-11-04 08:08:34,0
0.30660490725163325,2023-06-23 17:38:26,1,34,2,0.7580645161290323,0,0.044827586206896544,0.0,0.782927158826523,2024-11-04 08:06:32,0
0.24070877668290766,2023-09-13 18:38:27,1,35,2,0.3870967741935484,0,0.47586206896551725,0.0,0.48407714817162656,2024-11-04 08:11:22,0
0.03913128973759532,2023-02-20 16:28:39,1,20,1,0.1774193548387097,0,0.1413793103448276,0.0,0.7069977460020612,2024-11-04 08:12:07,0
0.14005112630819988,2023-07-17 17:08:03,0,33,2,0.5806451612903226,2,0.4379310344827586,0.0,0.11376202541175966,2024-11-04 08:06:55,2
0.09083113024099282,2023-07-13 17:51:44,0,15,1,0.6612903225806451,0,0.30689655172413793,0.0,0.8650303614127385,2024-11-04 08:09:36,0
0.15075706264065197,2023-02-13 17:04:50,1,21,1,0.6129032258064516,0,0.4586206896551724,0.0,0.001256403861576427,2024-11-04 08:11:47,2
0.019226987699097642,2023-07-18 16:38:11,1,16,0,0.7903225806451613,0,0.5310344827586208,0.0,0.37578575658838964,2024-11-04 08:10:12,2
0.02069086062618803,2023-04-07 16:16:00,1,32,1,0.5161290322580645,1,0.5344827586206897,0.0,0.657287444902086,2024-11-04 08:07:16,0
0.2763879481745286,2023-12-18 18:26:07,0,3,0,0.7419354838709677,2,0.26206896551724135,0.0,0.4143947985283471,2024-11-04 08:11:53,2
0.4020516069828924,2023-04-12 17:06:06,1,16,2,0.20967741935483875,0,0.06206896551724138,0.0,0.9523359767783763,2024-11-04 08:10:23,0
0.21257292053573382,2023-11-27 18:01:47,0,2,0,0.5483870967741935,1,0.48620689655172417,0.0,0.42670876639156646,2024-11-04 08:10:57,2
0.013830321833555464,2023-11-16 16:33:22,1,29,0,0.6774193548387097,1,0.5379310344827587,0.0,0.44630974220528796,2024-11-04 08:06:29,2
0.2435272782887981,2023-09-19 17:45:19,1,39,0,0.11290322580645162,3,0.803448275862069,0.0,0.060920462039326995,2024-11-04 08:08:30,1
0.08055670868928752,2023-09-05 16:52:06,1,33,1,0.08064516129032262,3,0.017241379310344827,0.0,0.10820131233366431,2024-11-04 08:12:18,1
0.6710601061854093,2023-02-20 16:36:36,1,37,0,0.12903225806451613,3,0.8413793103448276,0.0,0.11554344340703925,2024-11-04 08:09:05,1
0.025109790469531778,2023-05-29 17:45:26,1,14,2,0.9516129032258065,2,0.9379310344827586,0.0,0.33648969231213943,2024-11-04 08:09:46,2
0.14480871332124365,2023-05-26 17:56:17,1,42,1,0.24193548387096775,1,0.23103448275862065,0.0,0.3447043820865984,2024-11-04 08:09:20,1
0.18697699316131006,2023-02-03 17:10:00,1,4,2,0.03225806451612906,3,0.2793103448275862,0.0,0.015929238043828266,2024-11-04 08:09:51,1
0.22777425768533288,2023-02-27 17:01:24,0,27,2,0.22580645161290325,0,0.1206896551724138,0.0,0.6951079572916801,2024-11-04 08:11:53,0
0.018227402827241147,2023-11-03 16:50:08,1,8,2,0.7258064516129032,2,0.22758620689655168,0.0,0.28383030413846927,2024-11-04 08:10:52,2
0.035132950250169326,2023-12-04 18:06:30,1,12,1,0.5967741935483871,2,0.5620689655172414,0.0,0.4161184044679308,2024-11-04 08:11:27,2
0.012546701916144118,2023-04-20 16:34:59,0,24,1,0.04838709677419356,3,0.38620689655172413,0.0,0.011213522105380624,2024-11-04 08:09:54,1
0.1557986846992506,2023-08-11 18:42:10,0,5,1,0.5645161290322581,0,0.34137931034482755,0.0,0.42112990301691544,2024-11-04 08:12:14,2
0.03911490310035177,2023-01-16 18:03:02,1,26,0,0.06451612903225812,3,0.8551724137931035,0.0,0.11676018550947548,2024-11-04 08:12:07,1
0.16853110183748826,2023-12-26 16:08:51,1,3,0,0.5645161290322581,2,0.10689655172413794,0.0,0.2597737666369316,2024-11-04 08:09:59,2
0.1574045751491184,2023-05-08 16:37:53,1,31,1,0.7741935483870968,2,0.21379310344827585,0.0,0.3008169650149673,2024-11-04 08:09:00,2
0.08040376674168105,2023-10-12 16:58:25,0,0,2,0.7580645161290323,0,0.6724137931034483,0.0,0.4944833181968823,2024-11-04 08:11:31,2
0.0388254058423824,2023-08-28 16:00:00,1,24,2,0.5,1,0.46206896551724136,0.5,0.41966376239514,2024-11-04 08:09:43,0
0.09291223317092356,2023-03-27 16:56:29,1,16,0,0.19354838709677424,0,0.37241379310344824,0.0,0.3988043660202248,2024-11-04 08:09:24,1
0.5273219864974109,2023-12-18 17:22:16,1,33,0,0.5645161290322581,1,0.07586206896551724,0.0,0.04461006776782948,2024-11-04 08:08:58,2
0.4021663134435972,2023-05-10 17:05:08,1,30,0,0.5967741935483871,1,0.3793103448275862,0.0,0.653683602685975,2024-11-04 08:09:38,0
0.11643251982783107,2023-07-27 17:30:14,1,8,0,0.435483870967742,1,0.02413793103448276,0.0,0.24430164717302413,2024-11-04 08:11:26,2
0.05125193908540716,2023-09-12 16:32:09,1,24,1,0.14516129032258068,3,0.6655172413793103,0.0,0.03661318155203859,2024-11-04 08:10:29,1
0.14401669252113877,2023-07-26 17:56:54,0,36,1,0.6290322580645161,2,0.7689655172413793,0.0,0.27289374211386425,2024-11-04 08:10:43,2
0.042190128689724486,2023-05-23 16:44:55,0,13,2,0.532258064516129,0,0.6586206896551724,0.0,0.7379487072619337,2024-11-04 08:08:15,0
0.0018516900085210515,2023-02-13 17:48:36,1,24,2,0.8225806451612903,0,0.4689655172413793,0.0,0.6665131734180169,2024-11-04 08:11:01,0
0.12264305534313619,2023-08-22 16:34:34,1,4,2,0.0,3,0.4103448275862069,0.0,0.02864923476333022,2024-11-04 08:10:25,1
0.03498000830256287,2023-09-04 17:36:40,1,21,0,0.5967741935483871,2,0.19655172413793104,0.0,0.4993415475749524,2024-11-04 08:11:58,0
0.06092005505910114,2023-12-26 17:40:23,1,17,2,0.7096774193548387,0,0.13448275862068965,0.0,0.7250297295135251,2024-11-04 08:11:34,0
0.5062924687015229,2023-03-20 16:48:00,1,37,0,0.6612903225806451,2,0.493103448275862,0.0,0.47072525223870465,2024-11-04 08:10:20,2
0.3350739583560926,2023-02-22 17:33:56,0,13,1,0.6935483870967742,2,0.09310344827586207,0.0,0.4843379746554637,2024-11-04 08:10:53,2
0.014097970241866768,2023-03-16 17:00:29,1,3,1,0.03225806451612906,3,0.031034482758620682,0.5,0.016656594372466946,2024-11-04 08:10:16,1
0.09296139308265419,2023-01-05 16:56:49,1,37,1,0.6774193548387097,1,0.6517241379310346,0.0,0.14669540239543583,2024-11-04 08:09:17,2
0.18790556927177784,2023-09-19 17:23:14,1,35,1,0.06451612903225812,3,0.3896551724137931,0.0,0.12208830589837583,2024-11-04 08:09:37,1
0.4765561843168958,2023-04-24 16:47:17,1,42,2,0.06451612903225812,3,0.9586206896551724,0.0,0.026943779120302186,2024-11-04 08:10:49,1
0.1598734951604798,2023-02-16 16:23:11,1,22,1,0.30645161290322587,1,0.1586206896551724,0.0,0.07493450767992828,2024-11-04 08:11:13,1
0.01539251458410715,2023-08-31 17:43:38,1,14,0,0.0,3,0.803448275862069,0.0,0.06512864190742139,2024-11-04 08:09:03,1
0.11402914636544387,2023-03-03 17:08:36,1,12,0,0.04838709677419356,3,0.2206896551724138,0.0,0.005761038573413581,2024-11-04 08:11:19,1
0.01080971836832791,2023-11-29 17:43:51,1,6,0,0.8709677419354838,2,0.5551724137931034,0.0,0.47348544178157936,2024-11-04 08:08:00,2
0.09545762415608819,2023-04-10 16:23:53,1,31,2,0.16129032258064518,3,0.21034482758620687,0.0,0.09355335078002583,2024-11-04 08:09:21,1
0.04874478358714414,2023-08-21 16:22:06,0,21,1,0.3709677419354839,1,0.4275862068965517,0.0,0.5752131483437183,2024-11-04 08:09:01,0
0.03807162052917914,2023-10-16 17:43:00,1,3,1,0.16129032258064518,3,0.07241379310344827,0.0,0.004162468010102322,2024-11-04 08:08:13,1
0.20566322183137056,2023-08-14 17:25:14,0,26,2,0.04838709677419356,3,0.2689655172413793,0.0,0.049708284400357905,2024-11-04 08:07:49,1
0.08099368568244882,2023-12-22 16:25:16,0,8,1,0.8548387096774193,2,0.33448275862068966,0.0,0.3747599287163909,2024-11-04 08:11:52,2
0.2122124145163757,2023-12-11 16:57:08,0,17,2,0.12903225806451613,3,0.06896551724137931,0.0,0.10461898158013795,2024-11-04 08:11:05,1
0.054687670694137956,2023-11-27 17:51:15,1,39,1,0.7258064516129032,0,0.13448275862068965,0.0,0.6769038820795401,2024-11-04 08:09:18,0
0.0748159234416308,2023-04-07 16:50:22,1,14,1,0.7419354838709677,0,0.18275862068965515,0.0,0.9240376477484558,2024-11-04 08:08:41,0
0.47523432891258277,2023-08-28 17:56:39,1,38,0,0.532258064516129,2,0.7551724137931035,0.0,0.24111526177769385,2024-11-04 08:08:54,2
0.2505407590290371,2023-07-18 18:06:23,1,11,1,0.5483870967741935,1,0.5862068965517242,0.0,0.3709214771114677,2024-11-04 08:08:35,2
0.17866350586641616,2023-09-25 18:48:58,0,22,1,0.03225806451612906,3,0.5689655172413793,0.0,0.0161255301399119,2024-11-04 08:11:19,1
0.41342939544233,2023-01-17 16:53:08,1,33,2,0.5645161290322581,1,0.09655172413793102,0.0,0.30927164204388474,2024-11-04 08:08:06,2
0.025656011710983414,2023-08-03 18:18:56,0,22,2,0.8870967741935485,2,0.5172413793103449,0.0,0.44082431924623844,2024-11-04 08:11:07,2
0.09324542812820906,2023-05-01 17:04:30,1,26,1,0.12903225806451613,3,0.9724137931034483,0.0,0.07818542746301206,2024-11-04 08:07:51,1
0.14320282287137584,2023-06-13 17:26:54,0,36,2,0.30645161290322587,0,0.9103448275862069,1.0,0.8563451083942434,2024-11-04 08:07:46,0
0.35989971378006946,2023-01-31 16:02:23,1,4,0,0.06451612903225812,3,0.6689655172413793,0.0,0.07659357923175845,2024-11-04 08:06:24,1
0.01708033822019271,2023-12-20 17:15:14,1,18,2,0.11290322580645162,3,0.9413793103448276,0.0,0.05194547650914674,2024-11-04 08:06:33,1
0.1364187550525465,2023-11-06 16:28:15,1,18,0,0.7096774193548387,2,0.2689655172413793,0.0,0.0967531808394714,2024-11-04 08:12:10,2
0.30254648342764756,2023-04-18 17:17:37,1,33,0,0.5,0,0.3379310344827586,0.0,0.9891925067509021,2024-11-04 08:12:11,0
0.01535974130962005,2023-05-18 16:24:16,1,34,1,0.5967741935483871,0,0.30344827586206896,0.0,0.004806467421226032,2024-11-04 08:08:56,2
0.009034499333610087,2023-11-27 17:01:48,1,36,0,0.5,0,0.28965517241379307,0.0,0.7895291611403495,2024-11-04 08:09:51,0
0.4897037295986366,2023-11-06 16:35:59,1,9,2,0.24193548387096775,0,0.5448275862068966,0.0,0.7424506530409478,2024-11-04 08:06:45,0
0.08670715986803296,2023-03-06 18:04:32,1,19,0,0.5,1,0.09655172413793102,0.0,0.017988288353089153,2024-11-04 08:08:35,2
0.030615700583364287,2023-09-27 17:54:16,0,15,2,0.9193548387096775,2,0.6379310344827587,0.0,0.42309551291057484,2024-11-04 08:08:12,2
0.11128165352094213,2023-01-20 16:34:35,1,30,2,0.5483870967741935,2,0.706896551724138,0.0,0.31851148745713675,2024-11-04 08:09:52,2
0.027709803578841577,2023-10-31 16:45:07,1,11,1,0.1774193548387097,0,0.22758620689655168,0.0,0.0828460202785869,2024-11-04 08:10:00,1
0.05517926981144443,2023-08-23 18:19:06,0,6,2,0.22580645161290325,1,0.22413793103448276,0.0,0.17963079607872928,2024-11-04 08:06:44,1
0.16368065721339772,2023-10-09 18:41:21,1,10,0,0.14516129032258068,3,0.38620689655172413,0.0,0.08509127918584493,2024-11-04 08:08:59,1
0.009881142257860126,2023-09-18 16:40:59,1,26,1,0.04838709677419356,3,0.23448275862068962,0.0,0.08007574723762571,2024-11-04 08:10:06,1
0.39998142847779067,2023-05-22 16:54:00,0,38,0,0.12903225806451613,3,0.36551724137931035,0.0,0.02281156160445933,2024-11-04 08:12:14,1
0.0354224475081387,2023-09-07 16:47:49,1,26,0,0.25806451612903225,1,0.4827586206896552,0.0,0.5635290629943015,2024-11-04 08:08:55,0
0.0364930411413839,2023-06-05 16:24:41,0,20,0,0.09677419354838712,3,0.1586206896551724,0.0,0.06032755235184149,2024-11-04 08:10:33,1
0.0749524787519937,2023-11-27 17:34:33,1,39,1,0.5967741935483871,0,0.1275862068965517,0.0,0.9526364650213536,2024-11-04 08:08:46,0
0.21745067622189693,2023-06-27 16:52:00,1,8,0,0.06451612903225812,3,0.1586206896551724,0.0,0.11841387919565954,2024-11-04 08:09:08,1
0.25628700648910835,2023-11-08 18:24:56,1,27,0,0.03225806451612906,3,0.4793103448275862,0.0,0.5739769114783148,2024-11-04 08:09:58,0
0.020384976730975113,2023-04-17 18:22:37,1,16,0,0.6290322580645161,0,0.5931034482758621,0.0,0.010570194927462678,2024-11-04 08:12:14,2
0.08738447420743299,2023-08-08 17:06:41,1,42,0,0.20967741935483875,1,0.017241379310344827,0.0,0.3646710527642566,2024-11-04 08:09:07,1
0.17213069981865456,2023-05-26 16:52:33,0,27,1,0.08064516129032262,3,0.2862068965517241,0.0,0.055620575445068814,2024-11-04 08:08:08,1
0.23701085887828008,2023-01-05 16:40:09,1,1,0,0.04838709677419356,3,0.47586206896551725,1.0,0.3517957701742227,2024-11-04 08:09:50,1
0.09048154864646377,2023-03-15 17:40:16,1,17,0,0.12903225806451613,3,0.25517241379310346,0.0,0.032597932613998994,2024-11-04 08:09:22,1
0.11530730407044071,2023-09-14 17:08:40,1,37,1,0.467741935483871,1,0.6344827586206897,0.0,0.31313563851062703,2024-11-04 08:11:24,2
0.13174310122572047,2023-07-24 16:02:33,1,32,2,0.12903225806451613,3,0.5103448275862069,0.0,0.10028643856897686,2024-11-04 08:08:42,1
0.012552164128558632,2023-04-13 16:41:41,1,16,1,0.8064516129032258,0,0.4103448275862069,0.0,0.9193185706439794,2024-11-04 08:10:55,0
0.038574144071314646,2023-12-04 16:18:39,0,29,1,0.903225806451613,2,0.5724137931034483,0.0,0.11377210890984615,2024-11-04 08:06:26,2
0.17165548733859162,2023-03-20 17:21:43,1,22,0,1.0,2,0.7551724137931035,0.0,0.4684873878967101,2024-11-04 08:06:44,2
0.09916646638554481,2023-05-29 16:09:59,0,2,2,0.967741935483871,2,0.38620689655172413,0.0,0.4990343369999173,2024-11-04 08:09:04,2
0.46668050427145014,2023-11-07 18:57:13,1,13,1,0.6129032258064516,2,0.37241379310344824,0.0,0.19407708767063803,2024-11-04 08:08:54,2
0.1425255085319758,2023-01-12 17:12:22,1,28,0,0.7419354838709677,2,0.14482758620689656,0.0,0.5054118134230183,2024-11-04 08:09:48,2
0.12039808604076996,2023-10-09 18:23:25,0,33,2,0.8548387096774193,2,0.7137931034482758,0.0,0.36616542718067413,2024-11-04 08:07:05,2
0.0063361664008389955,2023-09-05 16:43:36,1,34,1,0.20967741935483875,1,0.4103448275862069,0.0,0.44907934301304336,2024-11-04 08:08:52,0
0.06685201774126592,2023-08-17 16:26:57,1,8,2,0.16129032258064518,3,0.10689655172413794,0.0,0.12545955542529172,2024-11-04 08:06:57,1
0.2157027682492517,2023-07-24 16:14:05,1,25,2,0.6129032258064516,2,0.02413793103448276,0.0,0.3521513815400728,2024-11-04 08:11:15,2
0.3847746291157771,2023-07-18 17:22:49,1,19,2,0.532258064516129,2,0.4827586206896552,0.0,0.21280483255006966,2024-11-04 08:10:51,2
0.2018997574777688,2023-10-18 16:44:36,1,35,0,0.8225806451612903,2,0.20344827586206898,0.0,0.45975843971984015,2024-11-04 08:11:27,2
0.0058227184338744565,2023-10-20 17:48:44,1,17,0,0.7903225806451613,2,0.8896551724137931,0.0,0.5018220881042285,2024-11-04 08:08:28,2
0.10863248049990168,2023-08-02 17:32:29,1,39,1,0.20967741935483875,1,0.0896551724137931,0.0,0.46377704982390855,2024-11-04 08:10:52,0
0.33881011164762176,2023-03-27 16:26:46,0,29,1,0.16129032258064518,3,0.30344827586206896,0.0,0.0074725443152935086,2024-11-04 08:07:26,1
0.413778977036859,2023-01-02 16:30:09,1,5,2,0.06451612903225812,3,0.36896551724137927,0.0,0.09013437269550055,2024-11-04 08:08:27,1
0.0669394131398982,2023-10-24 16:12:19,1,38,1,0.5483870967741935,0,0.006896551724137931,0.0,0.5612233030985245,2024-11-04 08:09:37,0
0.05243177696694269,2023-07-27 16:01:41,1,15,2,0.6935483870967742,2,0.5551724137931034,0.0,0.5306945042918729,2024-11-04 08:06:36,2
0.781680832004195,2023-01-17 17:50:51,1,5,0,0.19354838709677424,0,0.13448275862068965,0.0,0.3674278811411024,2024-11-04 08:09:18,1
0.07772182044615351,2023-05-16 16:45:46,1,18,2,0.7903225806451613,0,0.3,0.0,0.0780113190627187,2024-11-04 08:07:26,2
0.019489173894994428,2023-05-08 16:22:52,0,14,1,0.08064516129032262,3,0.45172413793103444,0.0,0.10722657418530379,2024-11-04 08:09:24,1
0.013437042539710285,2023-02-13 16:53:36,1,17,1,0.6451612903225806,1,0.9724137931034483,0.0,0.1673490954093867,2024-11-04 08:12:04,2
0.05616246804605737,2023-11-14 16:09:22,1,37,2,0.6774193548387097,0,0.34137931034482755,0.0,0.7999548259285726,2024-11-04 08:10:18,0
0.06336712622080448,2023-11-28 18:04:26,1,32,2,0.6290322580645161,1,0.28965517241379307,0.0,0.579782317443309,2024-11-04 08:11:49,0
0.1985951189669864,2023-10-19 17:41:40,1,8,2,0.8870967741935485,2,0.37241379310344824,0.5,0.35718708048446507,2024-11-04 08:09:37,2
0.027660643667110928,2023-04-24 16:14:34,0,17,2,0.16129032258064518,3,0.4827586206896552,0.0,0.07902101333777906,2024-11-04 08:06:36,1
0.1128383840590793,2023-09-13 18:47:47,1,30,1,0.03225806451612906,3,0.49655172413793097,0.0,0.023693531570424167,2024-11-04 08:10:50,1
0.10875811138543556,2023-06-29 17:39:21,1,6,2,0.09677419354838712,3,0.2379310344827586,0.0,0.08262418332068415,2024-11-04 08:08:44,1
0.7427243330638642,2023-09-25 16:51:23,0,31,1,0.7903225806451613,2,0.7172413793103448,0.0,0.43690452742341757,2024-11-04 08:11:58,2
0.009815595708885929,2023-03-22 17:31:23,1,26,0,0.6129032258064516,1,0.06206896551724138,0.0,0.5592980271972111,2024-11-04 08:11:20,0
0.21763639144399047,2023-08-28 16:02:11,1,0,0,0.467741935483871,0,0.9172413793103449,0.0,0.5300921833395067,2024-11-04 08:09:04,0
0.2064388559942319,2023-01-09 17:12:40,1,23,1,0.3548387096774194,1,0.5413793103448277,0.0,0.4887545468173456,2024-11-04 08:11:02,0
0.06799362013589985,2023-11-27 16:33:20,1,20,0,0.5,1,0.07931034482758621,0.0,0.19399104182029997,2024-11-04 08:08:17,2
0.009198365706045578,2023-12-25 16:56:06,1,0,0,0.5645161290322581,2,0.3137931034482758,0.0,0.10200063324367985,2024-11-04 08:11:05,2
0.15665078983591516,2023-04-14 16:00:51,1,25,0,0.06451612903225812,3,0.6965517241379311,0.0,0.07411034976965931,2024-11-04 08:10:59,1
0.477648626799799,2023-03-03 16:21:27,1,37,2,0.16129032258064518,1,0.5620689655172414,0.0,0.30441274043260896,2024-11-04 08:08:17,1
0.9624527518626145,2023-10-06 16:05:34,1,22,0,0.09677419354838712,3,0.4827586206896552,0.0,0.08592081496176002,2024-11-04 08:10:42,1
0.021772378684262274,2023-04-19 17:03:11,0,9,0,0.29032258064516125,0,0.8931034482758621,0.0,0.9547176990264047,2024-11-04 08:10:40,0
0.06813563765867728,2023-06-05 16:19:55,0,16,2,0.5,1,0.5758620689655173,0.0,0.20930384201444097,2024-11-04 08:11:36,2
0.1901833118486312,2023-11-06 17:58:34,1,3,2,0.09677419354838712,3,0.4724137931034483,0.0,0.06189520018768753,2024-11-04 08:09:55,1
0.06999278987961284,2023-03-20 17:17:27,1,40,0,0.8225806451612903,2,0.07241379310344827,0.0,0.16862566626713607,2024-11-04 08:11:44,2
0.17515676549629663,2023-06-22 16:05:35,1,1,2,0.5967741935483871,1,0.5793103448275863,0.0,0.6285017467979852,2024-11-04 08:10:27,0
0.0006281544276693832,2023-06-07 17:02:33,1,34,0,0.5645161290322581,2,0.9241379310344828,0.0,0.07676701539884606,2024-11-04 08:12:04,2
0.027453079595359305,2023-04-06 16:03:23,1,20,1,0.5806451612903226,0,0.9758620689655172,0.0,0.8546127634229846,2024-11-04 08:06:58,0
0.20957962813257883,2023-09-20 17:57:15,0,36,2,0.20967741935483875,1,0.4586206896551724,0.0,0.6608966649838429,2024-11-04 08:07:55,0
0.006926085341606765,2023-08-28 17:08:41,1,14,1,0.08064516129032262,3,0.5103448275862069,0.0,0.05505791625184277,2024-11-04 08:10:32,1
0.17997443684590006,2023-12-25 17:31:53,1,34,2,0.6129032258064516,2,0.6931034482758621,0.0,0.3971036160096372,2024-11-04 08:09:57,2
0.5361161484847823,2023-09-25 16:23:57,1,25,2,0.435483870967742,0,0.7724137931034483,0.0,0.033622416019586196,2024-11-04 08:06:45,1
0.05407044069129761,2023-06-26 16:53:58,0,31,2,0.7258064516129032,2,0.2862068965517241,0.0,0.16591656644789962,2024-11-04 08:07:33,2
0.08211890143983919,2023-04-17 17:43:23,1,24,0,0.8225806451612903,2,0.16896551724137931,0.0,0.21094274657009815,2024-11-04 08:07:30,2
0.015971509100045883,2023-07-20 18:26:11,1,35,2,0.8870967741935485,2,0.4103448275862069,0.0,0.07576874908828372,2024-11-04 08:09:30,2
0.02953964473770456,2023-12-25 18:03:33,1,0,0,0.7580645161290323,0,0.12413793103448274,0.0,0.532253413096044,2024-11-04 08:11:47,2
0.009826520133714961,2023-08-16 16:41:21,1,18,0,0.5645161290322581,0,0.027586206896551724,0.0,0.956325008621391,2024-11-04 08:08:43,0
0.3460912407961721,2023-12-08 16:06:14,1,18,2,0.14516129032258068,3,0.5689655172413793,0.0,0.015324228158638976,2024-11-04 08:09:58,1
0.04418383622102297,2023-02-17 16:28:12,1,24,0,0.016129032258064557,3,0.3586206896551724,0.0,0.1003684510200803,2024-11-04 08:09:07,1
0.04571325569708755,2023-06-14 16:16:25,1,27,2,0.9193548387096775,2,0.5517241379310345,0.0,0.4914683522690224,2024-11-04 08:06:37,2
0.22402717996897464,2023-05-19 16:00:10,0,41,0,0.6935483870967742,2,0.23448275862068962,0.0,0.16548432049659212,2024-11-04 08:09:34,2
0.09417946645109136,2023-02-20 16:07:41,1,3,0,0.24193548387096775,0,0.02413793103448276,0.0,0.7140965286549489,2024-11-04 08:07:49,0
0.07626340973147763,2023-01-23 16:05:26,1,7,0,0.25806451612903225,1,0.5241379310344828,0.0,0.1927635439865715,2024-11-04 08:07:25,1
0.09028490899954118,2023-10-02 18:21:39,1,9,1,0.16129032258064518,3,0.3620689655172414,0.0,0.04433915778590583,2024-11-04 08:08:55,1
0.029239223054906158,2023-12-05 16:01:44,0,30,0,0.5806451612903226,1,0.4379310344827586,0.5,0.4118880409040461,2024-11-04 08:07:47,2
0.1559079289475409,2023-12-06 18:15:42,1,24,0,0.7258064516129032,2,0.08620689655172413,0.0,0.16471999134163634,2024-11-04 08:07:59,2
0.2906661714260744,2023-08-24 16:46:58,1,17,0,0.06451612903225812,3,0.4793103448275862,0.0,0.06262053981670891,2024-11-04 08:09:47,1
0.1603650942777863,2023-08-10 16:23:08,1,5,2,0.11290322580645162,3,0.46206896551724136,0.0,0.12219653544450415,2024-11-04 08:09:31,1
0.01511940396338133,2023-11-03 18:44:38,1,1,1,0.9838709677419355,2,0.3793103448275862,0.0,0.12041310074960726,2024-11-04 08:08:30,2
0.14753435731608733,2023-03-03 16:57:11,1,28,0,0.11290322580645162,3,0.09310344827586207,0.0,0.11299164615795196,2024-11-04 08:07:51,1
0.061395267539164064,2023-09-18 16:28:56,1,30,2,0.1774193548387097,1,0.5724137931034483,0.5,0.05046992462249065,2024-11-04 08:07:58,1
0.27626231728899475,2023-07-12 16:14:08,1,11,1,0.04838709677419356,3,0.03793103448275863,0.0,0.06868139439989407,2024-11-04 08:09:26,1
0.11289846839563897,2023-08-03 16:19:27,1,39,1,0.06451612903225812,3,0.07241379310344827,0.0,0.11531824528310768,2024-11-04 08:07:36,1
0.19155978937708928,2023-06-08 16:26:48,1,40,0,0.7258064516129032,2,0.5413793103448277,0.0,0.36043396686831425,2024-11-04 08:08:03,2
0.1427658458782145,2023-05-29 18:27:43,1,6,1,0.03225806451612906,3,0.4827586206896552,0.0,0.02519731725172243,2024-11-04 08:09:33,1
0.025049706132972097,2023-06-05 17:28:06,1,14,1,0.6612903225806451,0,0.06896551724137931,0.0,0.5896701956669193,2024-11-04 08:08:32,0
0.0147425113067797,2023-03-20 16:02:51,0,18,1,0.7258064516129032,2,0.2827586206896551,0.0,0.35379633619458195,2024-11-04 08:09:28,2
0.7394033079158383,2023-11-15 17:32:11,1,12,1,0.12903225806451613,1,0.5551724137931034,0.0,0.5213981912893366,2024-11-04 08:08:50,0
0.1810177194170727,2023-09-11 17:52:59,1,19,0,0.935483870967742,2,0.46551724137931033,0.0,0.4782334249139038,2024-11-04 08:08:23,2
0.3647064607048439,2023-07-27 17:51:27,0,28,0,0.7096774193548387,0,0.8379310344827586,0.0,0.904581202073974,2024-11-04 08:08:19,0
0.3035788415739911,2023-07-10 16:41:50,1,10,0,0.8709677419354838,2,0.058620689655172406,0.0,0.3426937325681527,2024-11-04 08:07:38,2
0.047958224999453784,2023-10-27 17:53:06,0,33,2,0.0,3,0.9586206896551724,0.0,0.11277720376531264,2024-11-04 08:09:03,1
0.0365913609648452,2023-07-03 16:38:45,1,24,2,0.016129032258064557,3,0.506896551724138,0.0,0.02454995667456989,2024-11-04 08:11:37,1
0.051000677314339396,2023-08-21 18:11:41,1,27,0,0.1774193548387097,1,0.45172413793103444,0.0,0.6568672991484823,2024-11-04 08:09:57,0
0.022324062138128428,2023-03-27 17:53:15,0,30,1,0.9516129032258065,2,0.16551724137931034,0.0,0.4010099631683427,2024-11-04 08:10:03,2
0.10474338526076603,2023-12-19 16:11:38,0,16,2,0.9838709677419355,2,0.49655172413793097,0.0,0.3406118263298958,2024-11-04 08:09:02,2
0.15895584347484104,2023-06-19 17:58:54,1,11,1,0.9516129032258065,2,0.38275862068965516,0.0,0.4555495876185399,2024-11-04 08:10:16,2
0.18657825165505035,2023-06-23 16:10:12,0,12,1,0.14516129032258068,3,0.27241379310344827,0.0,0.08724511437711881,2024-11-04 08:07:42,1
0.05361161484847823,2023-06-12 17:09:42,1,34,2,0.14516129032258068,3,0.13103448275862067,0.0,0.054485173560530245,2024-11-04 08:08:45,1
0.05954903974305753,2023-06-09 16:20:12,1,36,2,0.29032258064516125,1,0.35172413793103446,0.75,0.4192147106136885,2024-11-04 08:07:21,0
0.014884528829557125,2023-09-20 18:16:03,0,8,2,0.3548387096774194,0,0.32068965517241377,0.0,0.9104343365965775,2024-11-04 08:06:27,0
0.013934103869431275,2023-07-17 17:15:21,0,36,2,0.435483870967742,0,0.9206896551724139,0.0,0.7829883320482477,2024-11-04 08:10:33,0
0.06953942624920798,2023-02-27 17:17:05,1,26,0,0.5483870967741935,2,0.22413793103448276,0.0,0.40441549658875264,2024-11-04 08:10:45,2
0.2140040201883371,2023-06-19 16:32:01,1,10,0,0.6774193548387097,1,0.5586206896551724,0.0,0.2878159748154552,2024-11-04 08:06:25,2
0.28444471148594025,2023-10-13 17:54:57,0,39,1,0.3709677419354839,1,0.21724137931034482,0.0,0.2623289250520477,2024-11-04 08:07:07,1
0.4640149446131661,2023-08-16 16:28:30,1,39,0,0.11290322580645162,3,0.8931034482758621,0.0,0.018263231734247393,2024-11-04 08:07:50,1
0.09408114662763006,2023-11-14 16:23:09,1,8,2,0.8064516129032258,0,0.07241379310344827,0.0,0.45368750163856847,2024-11-04 08:11:14,2
0.08306932639996505,2023-10-12 17:10:20,1,29,1,0.5967741935483871,0,0.3620689655172414,0.0,0.45384547644192347,2024-11-04 08:08:11,2
0.011399637309095677,2023-04-25 16:11:22,1,9,1,0.16129032258064518,3,0.493103448275862,0.0,0.05690454086808164,2024-11-04 08:10:17,1
0.06078896196115274,2023-12-28 16:27:12,1,10,0,0.4516129032258065,0,0.3137931034482758,0.0,0.8146774053680511,2024-11-04 08:08:09,0
0.17564290240118857,2023-07-14 16:20:55,0,33,1,0.22580645161290325,1,0.11379310344827585,0.0,0.4301149720451822,2024-11-04 08:08:22,0
0.7071107081212175,2023-12-11 16:53:08,0,42,1,0.435483870967742,1,0.9275862068965518,0.0,0.660506097491293,2024-11-04 08:11:44,0
0.0811193165679827,2023-03-30 18:20:58,1,38,1,0.7903225806451613,2,0.5689655172413793,0.0,0.13688146982445976,2024-11-04 08:11:51,2
0.3091994581485285,2023-08-07 16:39:52,0,5,0,0.09677419354838712,3,0.19310344827586207,0.0,0.018662538258472326,2024-11-04 08:07:18,1
0.09869125390548188,2023-07-24 16:41:18,1,33,1,0.9193548387096775,2,0.16206896551724137,0.0,0.50805974002053,2024-11-04 08:10:34,2
0.04240861718630515,2023-12-25 17:42:00,1,42,1,0.04838709677419356,3,0.4068965517241379,0.0,0.037814462290742215,2024-11-04 08:08:41,1
0.17405886080097885,2023-05-19 18:54:32,0,42,1,0.04838709677419356,3,0.1724137931034483,0.0,0.07159619758009492,2024-11-04 08:09:03,1
0.054851537066573454,2023-01-12 16:44:29,1,22,2,0.7258064516129032,2,0.44482758620689655,0.0,0.06867198313501334,2024-11-04 08:12:10,2
0.32193187528676614,2023-09-21 16:05:38,1,5,2,0.7096774193548387,2,0.6896551724137931,0.0,0.13022501662096603,2024-11-04 08:11:53,2
0.12326574755839106,2023-03-13 17:57:47,0,29,1,0.11290322580645162,3,0.6517241379310346,0.0,0.1184521964883882,2024-11-04 08:08:39,1
0.355748432345037,2023-03-10 17:34:34,1,31,2,0.8709677419354838,2,0.2482758620689655,0.0,0.14947643116768927,2024-11-04 08:09:47,2
0.04408551639756167,2023-01-09 17:27:58,1,39,2,0.32258064516129037,0,0.506896551724138,0.0,0.39151601360331123,2024-11-04 08:09:06,0
0.1046723764993773,2023-06-27 16:37:04,1,35,1,0.11290322580645162,3,0.013793103448275862,0.0,0.019990198839859936,2024-11-04 08:09:55,1
0.16631890580960912,2023-02-27 16:07:57,0,2,1,0.967741935483871,2,0.396551724137931,0.0,0.12195251479081112,2024-11-04 08:07:01,2
0.1099379492669711,2023-11-06 16:31:43,1,40,2,0.8064516129032258,2,0.9551724137931035,0.0,0.17684170050800668,2024-11-04 08:12:21,2
0.004473551967488911,2023-02-10 17:45:34,1,30,0,0.06451612903225812,3,0.45172413793103444,0.0,0.06810394607614118,2024-11-04 08:07:47,1
0.4058314579737377,2023-07-07 17:31:07,0,16,2,0.016129032258064557,3,0.34137931034482755,0.0,0.06197922933840826,2024-11-04 08:08:46,1
0.00874500207564072,2023-02-13 17:58:45,1,1,0,0.6290322580645161,0,0.11724137931034483,0.0,0.7306583381454027,2024-11-04 08:09:04,0
0.1587318927658459,2023-06-05 17:45:07,1,21,2,0.435483870967742,0,0.0896551724137931,0.0,0.9767333365152372,2024-11-04 08:10:45,0
0.3033985885643121,2023-01-23 17:35:42,0,4,1,0.06451612903225812,3,0.21724137931034482,0.0,0.04895000534425399,2024-11-04 08:08:24,1
0.03973759531560664,2023-10-18 18:26:25,0,25,2,0.11290322580645162,3,0.17931034482758618,0.0,0.12739693152430898,2024-11-04 08:10:12,1
0.18891607856846337,2023-12-29 17:55:30,1,37,1,0.4193548387096775,0,0.006896551724137931,0.0,0.8726978533577041,2024-11-04 08:11:00,0
0.0009121894732242347,2023-10-19 18:06:08,1,6,1,0.467741935483871,0,0.5689655172413793,1.0,0.3752331808932501,2024-11-04 08:08:33,2
0.1301535974130962,2023-04-07 16:04:01,1,16,0,0.016129032258064557,3,0.006896551724137931,0.75,0.05154079211927569,2024-11-04 08:07:18,1
0.003987415062596954,2023-02-06 16:38:45,1,25,0,0.3548387096774194,0,0.46551724137931033,0.0,0.5664586553050291,2024-11-04 08:07:19,0
0.2950359413576875,2023-02-22 16:42:17,1,15,1,0.435483870967742,0,0.903448275862069,0.0,0.021751449838966538,2024-11-04 08:06:52,1
0.14413686119425811,2023-07-28 17:36:30,1,3,0,0.7419354838709677,0,0.396551724137931,0.0,0.5617893234577794,2024-11-04 08:07:21,2
0.13540278354344645,2023-06-15 16:41:00,1,25,0,0.9193548387096775,2,0.6620689655172414,0.0,0.1712198142081866,2024-11-04 08:08:53,2
0.013153007494155435,2023-11-29 17:15:02,1,33,1,0.5806451612903226,1,0.3448275862068965,0.0,0.44077793515504055,2024-11-04 08:09:23,2
0.23397386877580897,2023-01-09 16:12:00,1,13,0,0.7741935483870968,0,0.17931034482758618,0.0,0.7955772432926252,2024-11-04 08:09:42,0
0.06412637374642226,2023-08-03 18:19:53,0,22,1,0.33870967741935487,0,0.39999999999999997,0.0,0.4498564445989087,2024-11-04 08:07:55,0
0.0904214643099041,2023-05-04 17:46:15,1,26,2,0.6774193548387097,1,0.9551724137931035,0.0,0.13192980003078833,2024-11-04 08:07:57,2
0.15781424108020714,2023-08-29 16:17:55,1,3,0,0.7580645161290323,2,0.18620689655172412,0.0,0.2041941974174145,2024-11-04 08:11:11,2
0.06834866394284342,2023-07-31 16:52:24,1,20,0,0.04838709677419356,3,0.44827586206896547,0.0,0.006755271484741316,2024-11-04 08:06:49,1
0.2767375297690577,2023-11-01 17:44:46,0,15,1,0.7419354838709677,0,0.1586206896551724,0.0,0.7643069712600139,2024-11-04 08:10:09,0
0.2752190347178221,2023-04-14 17:35:50,0,3,1,0.11290322580645162,3,0.3137931034482758,0.0,0.06756481504511694,2024-11-04 08:10:41,1
0.022848434529922003,2023-01-20 18:31:25,1,10,1,0.1774193548387097,1,0.37241379310344824,0.0,0.3646246686730587,2024-11-04 08:06:50,1
0.33156721798597305,2023-01-23 16:47:11,1,3,0,0.22580645161290325,0,0.25517241379310346,0.0,0.6438300083558588,2024-11-04 08:10:16,0
0.05005571456662807,2023-05-15 16:19:03,1,6,2,0.9516129032258065,2,0.396551724137931,0.0,0.06263465671402998,2024-11-04 08:10:48,2
0.16559789377089298,2023-06-06 17:32:57,1,41,1,0.06451612903225812,3,0.06896551724137931,0.0,0.11636625685089667,2024-11-04 08:08:11,1
0.36515982433524874,2023-10-23 17:25:04,1,23,0,0.03225806451612906,3,0.45172413793103444,0.0,0.05925601262185068,2024-11-04 08:09:12,1
0.1476326771395486,2023-04-03 18:22:02,0,34,0,0.03225806451612906,3,0.44482758620689655,0.0,0.011265284062224594,2024-11-04 08:09:42,1
0.13528261487032708,2023-08-14 18:08:27,1,16,1,0.30645161290322587,1,0.2379310344827586,0.0,0.6520178088020872,2024-11-04 08:09:24,0
0.01879547291835085,2023-04-25 16:34:55,1,6,2,0.016129032258064557,3,0.21034482758620687,0.0,0.052864419301428704,2024-11-04 08:11:38,1
0.17794249382769997,2023-05-09 16:54:49,0,27,2,0.0,3,0.4379310344827586,0.0,0.012640673201221586,2024-11-04 08:11:46,1
0.593381983438572,2023-05-22 17:40:46,1,36,2,0.016129032258064557,3,0.09655172413793102,0.0,0.10106824578728257,2024-11-04 08:10:48,1
0.20413926456772052,2023-10-23 16:27:20,1,34,0,0.6774193548387097,0,0.44827586206896547,0.0,0.5706117120502509,2024-11-04 08:07:10,0
0.44747536542201055,2023-10-05 16:27:27,1,41,0,0.11290322580645162,3,0.05517241379310345,0.0,0.11443425861752554,2024-11-04 08:08:37,1
0.0075050798575455,2023-09-06 16:24:45,1,35,0,0.5,1,0.5620689655172414,0.0,0.5292478584330648,2024-11-04 08:09:26,0
0.031079988638598177,2023-06-15 18:45:38,1,8,0,0.3548387096774194,1,0.2206896551724138,0.0,0.008068142935602075,2024-11-04 08:08:46,1
0.1540343900893618,2023-06-26 16:55:17,1,22,2,0.30645161290322587,1,0.9241379310344828,0.0,0.45409353049485107,2024-11-04 08:08:20,0
0.25832987393213747,2023-08-07 16:02:07,1,15,2,0.25806451612903225,0,0.5620689655172414,0.0,0.00983611626676634,2024-11-04 08:10:30,1
0.10526229544014508,2023-03-13 16:10:01,1,34,0,0.6612903225806451,2,0.44827586206896547,0.0,0.19607967039061458,2024-11-04 08:06:34,2
0.09216391007013482,2023-05-01 18:38:15,1,3,0,0.0,3,0.6655172413793103,0.0,0.09554921116794471,2024-11-04 08:10:01,1
0.0008521051366645547,2023-04-13 17:35:38,1,37,2,1.0,2,0.1724137931034483,0.0,0.36765711266426865,2024-11-04 08:09:18,2
0.02219843125259455,2023-06-01 18:27:12,1,5,0,0.5967741935483871,0,0.09310344827586207,0.0,0.0949287399190228,2024-11-04 08:11:02,2
0.0429603006401713,2023-03-01 17:07:06,1,34,2,0.6935483870967742,0,0.506896551724138,0.0,0.11530345615258082,2024-11-04 08:10:43,2
0.09269920688675741,2023-12-07 17:33:16,0,36,0,0.06451612903225812,3,0.006896551724137931,0.0,0.41456084013017125,2024-11-04 08:09:12,1
0.009575258362647207,2023-02-22 17:01:35,1,17,1,0.6935483870967742,2,0.5241379310344828,1.0,0.1465266718607886,2024-11-04 08:11:03,2
0.26565470078000397,2023-11-28 16:17:29,0,34,0,0.4838709677419355,1,0.41379310344827586,0.0,0.12802614180490585,2024-11-04 08:06:34,2
0.08076973497345365,2023-03-17 16:34:52,1,31,1,0.6451612903225806,2,0.1586206896551724,0.0,0.1403071702410427,2024-11-04 08:07:00,2
0.08972230112084599,2023-12-25 16:11:46,1,9,0,0.6935483870967742,0,0.5241379310344828,0.0,0.7350560877775232,2024-11-04 08:11:17,0
0.1466276300552776,2023-10-03 16:16:01,1,25,0,0.5645161290322581,2,0.18275862068965515,0.0,0.13461738838744028,2024-11-04 08:06:40,2
0.3479866285040093,2023-09-01 16:19:43,1,16,0,0.532258064516129,2,0.9241379310344828,0.0,0.34158185884581593,2024-11-04 08:09:55,2
0.11825689877427953,2023-11-09 17:26:27,0,29,2,0.467741935483871,1,0.4413793103448276,0.0,0.036397394692987736,2024-11-04 08:09:35,1
0.2281893858288361,2023-06-06 17:56:44,1,20,0,0.4516129032258065,0,0.3448275862068965,0.0,0.7333835715615777,2024-11-04 08:06:33,0
0.1593709716183443,2023-09-04 16:20:20,0,22,0,0.4516129032258065,1,0.49655172413793097,0.0,0.05708133820119807,2024-11-04 08:07:11,1
0.13717800257816426,2023-07-05 16:52:09,1,40,0,0.6290322580645161,2,0.5793103448275863,0.0,0.1653337402585006,2024-11-04 08:11:03,2
0.10066857479953681,2023-11-30 16:07:36,1,41,2,0.04838709677419356,3,0.2862068965517241,0.0,0.09727685050676302,2024-11-04 08:06:41,1
0.018298411588629857,2023-01-16 17:39:25,1,39,2,0.12903225806451613,1,0.7482758620689656,0.0,0.21184152236620715,2024-11-04 08:08:48,1
0.8805687255565995,2023-07-24 17:46:13,1,20,0,0.7580645161290323,2,0.5620689655172414,0.0,0.2560126218506715,2024-11-04 08:08:21,2
0.07560794424173568,2023-06-14 16:06:24,0,7,1,0.06451612903225812,3,0.11724137931034483,0.0,0.006991225339965139,2024-11-04 08:08:39,1
0.02310515851340427,2023-07-31 16:25:38,1,14,2,0.0,3,0.4689655172413793,0.0,0.2863202559326261,2024-11-04 08:07:12,1
0.029261071904564225,2023-05-31 17:21:07,1,3,1,0.8387096774193548,2,0.41724137931034483,0.0,0.3010522466369854,2024-11-04 08:11:45,2
0.005915576044921235,2023-10-31 16:54:40,1,5,1,0.532258064516129,1,0.29310344827586204,0.0,0.1941308663270993,2024-11-04 08:10:21,2
0.24520963971246915,2023-12-25 17:01:44,1,10,2,0.7903225806451613,2,0.13793103448275862,0.0,0.06210023131544612,2024-11-04 08:09:23,2
0.6202560685179925,2023-09-06 16:03:15,1,36,0,0.19354838709677424,0,0.8275862068965517,0.0,0.9029503643167859,2024-11-04 08:07:14,0
0.16241342393322994,2023-10-03 16:48:49,1,25,2,0.33870967741935487,0,0.5241379310344828,0.0,0.09135447596396563,2024-11-04 08:09:49,1
0.3733367563197798,2023-02-20 18:56:31,1,19,1,0.22580645161290325,0,0.3310344827586207,0.0,0.41890346663941885,2024-11-04 08:07:48,0
0.17243112150145296,2023-09-29 18:23:17,1,29,0,0.967741935483871,2,0.2862068965517241,0.0,0.2804415765482035,2024-11-04 08:06:28,2
0.18083200419497913,2023-06-05 17:24:29,1,34,1,0.6935483870967742,0,0.4379310344827586,1.0,0.8706993040369623,2024-11-04 08:07:35,0
0.122080447464441,2023-08-11 16:02:33,0,4,1,0.903225806451613,2,0.3448275862068965,0.0,0.26889529900596876,2024-11-04 08:10:57,2
0.11785815726801985,2023-10-27 18:28:05,1,4,0,0.3870967741935484,0,1.0,0.0,0.6964719184661791,2024-11-04 08:09:44,0
0.009373156503310102,2023-11-08 17:24:54,1,9,0,0.903225806451613,2,0.4827586206896552,0.0,0.453697585136655,2024-11-04 08:12:14,2
0.26854967335969765,2023-01-09 17:15:18,1,25,2,0.967741935483871,2,0.49999999999999994,0.0,0.15594062567433395,2024-11-04 08:09:09,2
0.11897244860058118,2023-11-06 18:42:53,1,2,1,0.08064516129032262,3,0.803448275862069,0.0,0.022951386111258635,2024-11-04 08:06:31,1
0.23043981734361688,2023-11-17 17:31:06,0,0,1,0.12903225806451613,3,0.34137931034482755,0.0,0.08968397644763741,2024-11-04 08:07:24,1
0.33480630994778127,2023-03-15 17:45:31,1,40,0,0.6935483870967742,2,0.506896551724138,0.0,0.21356311160617356,2024-11-04 08:10:22,2
0.040185496733596976,2023-01-05 18:29:09,1,19,2,0.8225806451612903,0,0.20344827586206898,0.0,0.3978336612710989,2024-11-04 08:06:50,2
0.036635058664161335,2023-04-13 18:15:52,1,11,2,0.6612903225806451,1,0.0896551724137931,0.0,0.3914938299075209,2024-11-04 08:07:11,2
0.01456225829710066,2023-05-18 18:15:02,1,16,0,0.7096774193548387,2,0.11379310344827585,0.0,0.10572480520362282,2024-11-04 08:07:16,2
0.009853831195787543,2023-02-13 16:21:46,1,23,2,0.4838709677419355,1,0.49999999999999994,0.0,0.2441093884761751,2024-11-04 08:08:03,2
0.17352356398435623,2023-01-25 17:46:40,1,20,0,0.5806451612903226,1,0.393103448275862,0.0,0.19456512897802408,2024-11-04 08:11:41,2
0.09783914876881733,2023-03-13 17:16:57,1,23,2,0.3548387096774194,0,0.5620689655172414,0.0,0.7773691346812507,2024-11-04 08:10:30,0
0.00746138215822937,2023-05-29 17:30:14,1,20,0,0.30645161290322587,1,0.6862068965517242,0.0,0.17704202600332491,2024-11-04 08:09:58,1
0.1994636107408945,2023-11-23 16:51:06,1,32,0,0.11290322580645162,3,0.5724137931034483,0.0,0.06529468350924557,2024-11-04 08:09:24,1
0.14383643951145972,2023-01-23 16:03:04,1,9,1,0.8548387096774193,2,0.020689655172413793,0.0,0.4634476555530833,2024-11-04 08:12:00,2
0.02979090650877231,2023-06-01 16:15:49,1,0,1,0.25806451612903225,1,0.44827586206896547,0.0,0.3254475896742291,2024-11-04 08:08:57,1
0.017003867246389477,2023-01-09 17:09:31,1,40,0,0.03225806451612906,3,0.017241379310344827,0.0,0.06025158999958995,2024-11-04 08:06:27,1
0.0029769057659114247,2023-12-01 17:35:32,1,40,1,0.04838709677419356,3,0.3310344827586207,0.0,0.07953997737263031,2024-11-04 08:10:30,1
0.0972983897397802,2023-08-15 18:22:03,1,40,2,0.25806451612903225,1,0.30344827586206896,0.0,0.5624729846280434,2024-11-04 08:09:32,0
0.019571107081212177,2023-06-16 16:19:02,1,8,1,0.5645161290322581,0,0.5413793103448277,0.0,0.8212713408834087,2024-11-04 08:07:59,0
0.04998470580523935,2023-03-15 17:39:11,1,29,1,0.532258064516129,0,0.5655172413793104,0.0,0.6143223317887655,2024-11-04 08:07:12,0
0.07513273176167275,2023-10-26 16:52:14,1,11,1,0.6451612903225806,1,0.11724137931034483,0.0,0.1700259280347464,2024-11-04 08:07:40,2
0.13987633551093534,2023-08-21 16:42:02,1,18,1,0.8225806451612903,2,0.30689655172413793,0.0,0.4953975553567239,2024-11-04 08:07:03,2
0.03050645633507396,2023-03-27 17:25:28,1,4,1,0.29032258064516125,0,0.34137931034482755,0.0,0.7408984665688344,2024-11-04 08:06:58,0
0.06436671109266097,2023-09-25 16:07:30,1,13,0,0.5161290322580645,1,0.13793103448275862,0.0,0.5293433155482835,2024-11-04 08:12:07,0
0.07516004282374535,2023-08-28 16:16:57,0,34,2,0.7741935483870968,0,0.3793103448275862,0.0,0.5340718039176408,2024-11-04 08:11:15,2
0.4443619043457362,2023-08-07 17:42:03,0,1,0,0.5806451612903226,0,0.15517241379310343,0.0,0.997143681108701,2024-11-04 08:08:31,0
0.12984225130546878,2023-01-09 17:26:46,1,8,0,0.8225806451612903,0,0.20344827586206898,0.0,0.8997135614310232,2024-11-04 08:06:37,0
0.3739976840219363,2023-01-09 16:19:47,1,23,0,0.04838709677419356,3,0.07241379310344827,0.0,0.02853428288514425,2024-11-04 08:07:05,1
0.4797843518538749,2023-04-06 16:59:33,1,8,0,0.6774193548387097,1,0.44482758620689655,0.0,0.32617897940210233,2024-11-04 08:07:05,2
0.15092092901308746,2023-04-10 17:26:14,1,2,1,0.8064516129032258,0,0.017241379310344827,0.0,0.5942796987588559,2024-11-04 08:08:57,2
0.004637418339924403,2023-06-15 16:10:51,1,21,0,0.9838709677419355,2,0.6517241379310346,0.0,0.26502256350755155,2024-11-04 08:10:17,2
0.3480630994778125,2023-09-18 16:27:52,1,7,2,0.7580645161290323,2,0.6793103448275862,0.0,0.2720292502112493,2024-11-04 08:08:09,2
0.056200703532958994,2023-08-30 17:56:47,1,36,1,0.532258064516129,0,0.5827586206896552,0.0,0.7586790348613419,2024-11-04 08:07:27,0
0.27602744215517055,2023-02-14 17:56:46,1,10,1,0.5483870967741935,2,0.5965517241379311,0.0,0.3526111890528167,2024-11-04 08:10:09,2
0.20297581332342854,2023-02-20 17:28:57,1,24,0,0.4516129032258065,0,0.2793103448275862,0.0,0.08249982017761748,2024-11-04 08:08:19,1
0.007647097380322926,2023-11-27 17:04:28,1,41,1,0.5161290322580645,1,0.09310344827586207,0.0,0.1595511902225025,2024-11-04 08:09:14,2
0.007046254014726125,2023-05-01 17:36:10,1,23,1,0.4032258064516129,1,0.30344827586206896,0.0,0.061661263032081,2024-11-04 08:10:30,1
0.09157945334178155,2023-06-26 17:54:14,1,22,0,0.3548387096774194,0,0.43448275862068964,0.25,0.9558840236384085,2024-11-04 08:08:14,0
0.03973759531560664,2023-05-09 17:02:28,1,15,0,0.6129032258064516,2,0.3137931034482758,0.0,0.18358151062901534,2024-11-04 08:09:48,2
0.10992156262972755,2023-07-14 18:11:41,0,9,2,0.6935483870967742,0,0.6413793103448276,0.0,0.8097801864640467,2024-11-04 08:08:48,0
0.08195503506740372,2023-08-07 17:25:53,1,19,2,0.3709677419354839,0,0.6689655172413793,0.0,0.9592014945088632,2024-11-04 08:08:30,0
0.012803425899626386,2023-10-26 17:51:32,1,37,0,0.4516129032258065,0,0.07586206896551724,0.0,0.5273830835202702,2024-11-04 08:11:44,0
0.026945093840809283,2023-08-25 16:45:20,1,4,1,0.4838709677419355,1,0.4724137931034483,0.0,0.39895897965755095,2024-11-04 08:09:56,2
0.39320828508379035,2023-02-14 17:58:31,0,29,0,0.06451612903225812,3,0.296551724137931,0.0,0.019146546166623757,2024-11-04 08:07:31,1
0.07355415237387751,2023-10-31 16:46:18,1,20,2,0.016129032258064557,3,0.3137931034482758,0.0,0.0658633928013235,2024-11-04 08:09:40,1
0.06374948108982062,2023-07-12 16:52:54,1,28,0,0.0,3,0.996551724137931,0.0,0.042182633661808897,2024-11-04 08:08:24,1
0.005899189407677686,2023-11-01 17:59:04,1,7,0,0.25806451612903225,1,0.010344827586206896,0.5,0.18015917137846127,2024-11-04 08:07:08,1
0.04808385588498766,2023-01-20 16:46:06,0,15,2,0.5161290322580645,1,0.9551724137931035,0.0,0.34577861074941235,2024-11-04 08:09:17,2
0.0030315278900565883,2023-06-23 17:36:28,1,15,0,0.11290322580645162,3,0.7310344827586207,0.0,0.07991172233541884,2024-11-04 08:08:02,1
0.056380956542638035,2023-01-30 16:04:17,1,3,0,0.22580645161290325,1,0.07931034482758621,0.0,0.4296948262915785,2024-11-04 08:09:34,0
0.08547269986235226,2023-02-24 18:22:31,1,28,0,0.8387096774193548,2,0.43448275862068964,0.0,0.26231548038793234,2024-11-04 08:08:30,2
0.2757761803841028,2023-01-03 17:33:54,1,32,0,0.8064516129032258,2,0.5827586206896552,0.0,0.1629002560536281,2024-11-04 08:11:16,2
0.016823614236710437,2023-11-20 16:59:13,1,18,0,0.4516129032258065,0,0.17586206896551726,0.0,0.7335442352977557,2024-11-04 08:07:24,0
0.0040147261246695366,2023-09-21 18:13:38,1,1,0,0.5161290322580645,0,0.5275862068965518,0.0,0.41495611325516163,2024-11-04 08:08:10,2
0.15070244051650683,2023-02-13 16:14:17,0,32,0,0.5645161290322581,2,0.21034482758620687,0.0,0.10965064712529554,2024-11-04 08:11:57,2
0.07948065284362779,2023-04-05 16:08:13,1,22,0,0.8064516129032258,2,0.7827586206896552,0.0,0.3490759146236939,2024-11-04 08:11:25,2
0.20165395791911556,2023-11-20 17:11:02,1,11,2,0.25806451612903225,1,0.031034482758620682,0.0,0.33050143891517697,2024-11-04 08:08:32,1
0.30511918547488476,2023-03-15 17:27:37,1,2,0,0.6774193548387097,0,0.29310344827586204,0.0,0.6548976558555882,2024-11-04 08:11:19,0
0.23426882824619283,2023-03-09 16:21:09,1,19,1,0.12903225806451613,3,0.7172413793103448,0.0,0.041001519919278244,2024-11-04 08:11:30,1
0.01992615088815574,2023-02-06 17:21:37,1,40,1,0.24193548387096775,0,0.4241379310344827,0.0,0.41109615018765394,2024-11-04 08:07:57,0
0.043085931525705175,2023-04-12 17:21:31,0,32,2,0.6290322580645161,2,0.041379310344827586,0.0,0.14300820326181,2024-11-04 08:08:52,2
0.07222137254473551,2023-08-09 18:38:49,1,5,1,0.29032258064516125,1,0.3137931034482758,0.0,0.6191839223328643,2024-11-04 08:07:12,0
0.07440625751054207,2023-08-14 16:46:26,1,5,2,0.5483870967741935,1,0.4413793103448276,0.75,0.30360269941966106,2024-11-04 08:09:36,2
0.11115602263540825,2023-10-02 16:33:09,1,7,1,0.5967741935483871,2,0.09310344827586207,0.0,0.4466962762986033,2024-11-04 08:09:45,2
0.41004282374532985,2023-09-08 18:16:31,1,6,1,0.967741935483871,2,0.058620689655172406,0.0,0.3382791771058882,2024-11-04 08:11:09,2
0.0003168083200419498,2024-01-01 16:45:56,1,2,0,0.5483870967741935,1,0.07241379310344827,0.0,0.14152794574271352,2024-11-04 08:07:14,2
0.14033516135375473,2023-07-10 17:00:03,1,20,2,0.7903225806451613,0,0.06206896551724138,0.0,0.8896300633445351,2024-11-04 08:10:15,0
0.4191701806899867,2023-05-08 17:44:34,1,38,0,0.7258064516129032,0,0.49999999999999994,0.0,0.11424536108670533,2024-11-04 08:12:04,2
0.09942865258144158,2023-05-10 16:55:57,1,36,2,0.5806451612903226,0,0.3896551724137931,0.0,0.028246567073076462,2024-11-04 08:08:24,2
0.10064126373746422,2023-09-04 16:34:53,0,32,2,0.5806451612903226,0,0.37241379310344824,0.0,0.6237947698912125,2024-11-04 08:09:30,0
0.24637309095676113,2023-12-04 16:57:39,1,13,0,0.7096774193548387,2,0.5379310344827587,1.0,0.1923319702684698,2024-11-04 08:07:38,2
0.07856846337040355,2023-07-07 17:24:42,1,6,1,0.6290322580645161,0,0.06896551724137931,0.0,0.7677871225662638,2024-11-04 08:10:03,0
0.0394590224824663,2023-04-10 17:48:18,1,13,0,0.3548387096774194,0,0.06896551724137931,0.0,0.8484537627917578,2024-11-04 08:11:48,0
0.04033843868120344,2023-09-08 16:09:45,0,41,2,0.8225806451612903,2,0.21034482758620687,0.75,0.2566525878625606,2024-11-04 08:08:28,2
0.011956782975376347,2023-05-03 16:26:08,1,10,1,0.4193548387096775,0,0.21724137931034482,0.0,0.4940665336093075,2024-11-04 08:11:03,0
0.4247744106272805,2023-06-12 18:56:58,1,2,1,0.7096774193548387,0,0.3,0.0,0.4678326327542941,2024-11-04 08:09:32,2
0.4314109987109179,2023-05-26 17:32:29,1,24,2,0.16129032258064518,3,0.6448275862068966,0.0,0.059396509361855754,2024-11-04 08:10:46,1
0.41903362537962374,2023-09-07 16:28:19,1,13,0,0.6129032258064516,0,0.058620689655172406,0.0,0.853543912625817,2024-11-04 08:08:55,0
0.0023596757630710745,2023-10-19 16:13:30,0,1,2,0.04838709677419356,3,0.43103448275862066,0.0,0.04766402322162387,2024-11-04 08:06:26,1
0.026988791540125415,2023-02-20 18:48:52,1,1,2,0.04838709677419356,3,0.4689655172413793,0.0,0.04979500248390171,2024-11-04 08:08:23,1
0.04237038169940353,2023-12-27 16:40:01,0,18,1,0.5,1,0.4689655172413793,0.0,0.15927423014172695,2024-11-04 08:10:31,2
0.3837805064563351,2023-06-07 17:06:21,1,42,0,0.016129032258064557,3,0.6,0.0,0.07631863585060021,2024-11-04 08:11:14,1
0.4740053311193166,2023-01-12 16:35:36,0,36,2,0.5,1,0.3758620689655172,0.0,0.2573866665232569,2024-11-04 08:09:57,2
0.028736699512770653,2023-03-31 17:25:22,1,16,1,0.09677419354838712,3,0.2068965517241379,0.0,0.0577286987783506,2024-11-04 08:11:49,1
0.0976315846970657,2023-09-06 16:01:35,1,15,0,0.967741935483871,2,0.38275862068965516,0.0,0.4845914065740375,2024-11-04 08:10:18,2
0.6379864100155127,2023-06-12 16:25:21,0,30,2,0.8870967741935485,2,0.09310344827586207,0.0,0.0862838208928736,2024-11-04 08:09:53,2
0.2096670235312111,2023-05-15 16:35:43,1,13,0,0.6451612903225806,2,0.006896551724137931,0.0,0.5243634119599699,2024-11-04 08:06:36,0
0.12418339924402981,2023-08-07 16:16:26,1,15,2,0.8548387096774193,2,0.17586206896551726,0.0,0.2892673263067037,2024-11-04 08:07:41,2
0.022160195765692937,2023-08-16 16:40:51,1,16,0,0.4838709677419355,1,0.04827586206896552,0.0,0.25826661978960447,2024-11-04 08:12:04,2
0.26436015643776356,2023-05-29 16:40:15,1,33,1,0.7903225806451613,0,0.23103448275862065,0.0,0.5337598877101654,2024-11-04 08:06:44,2
0.16452730013764777,2023-01-26 16:13:15,1,7,1,0.04838709677419356,3,0.9689655172413792,0.0,0.03082390918398284,2024-11-04 08:09:25,1
0.10860516943782911,2023-05-19 16:54:16,1,11,2,0.8387096774193548,0,0.27241379310344827,0.0,0.10462099827975524,2024-11-04 08:08:46,2
0.2816753697917805,2023-12-22 16:42:33,1,37,0,0.1774193548387097,1,0.09310344827586207,0.0,0.08656279767326645,2024-11-04 08:11:10,1
0.022761039131289736,2023-02-13 16:44:18,1,14,0,0.4838709677419355,1,0.43448275862068964,0.0,0.3347089465500656,2024-11-04 08:06:24,2
0.05194017784963621,2023-07-26 16:27:19,1,6,2,0.04838709677419356,3,0.41724137931034483,0.0,0.10336930005061919,2024-11-04 08:07:22,1
0.0507330289060281,2023-01-02 16:47:11,1,22,2,0.7903225806451613,2,0.48620689655172417,0.0,0.3610981332756109,2024-11-04 08:07:53,2
0.7797035111101401,2023-01-24 17:26:34,1,27,1,0.7419354838709677,0,0.5137931034482759,0.0,0.10937637597734307,2024-11-04 08:09:30,2
0.04318971356158098,2023-12-06 16:10:00,0,19,2,0.532258064516129,0,0.34137931034482755,0.0,0.9879071968614778,2024-11-04 08:07:06,0
0.1275153488168848,2023-03-13 17:30:20,1,17,2,0.016129032258064557,3,0.9896551724137931,0.0,0.07594756312101746,2024-11-04 08:12:09,1
0.008007603399681007,2023-05-22 16:51:28,1,19,1,0.12903225806451613,1,0.3793103448275862,0.0,0.4375606270322451,2024-11-04 08:07:33,1
0.13213638051956564,2023-06-08 16:28:29,1,17,0,0.6774193548387097,0,0.4724137931034483,0.0,0.052536369497014956,2024-11-04 08:10:41,2
0.06703227075094496,2023-07-24 16:15:58,1,17,2,0.9838709677419355,2,0.7517241379310345,0.0,0.3330102132390952,2024-11-04 08:09:50,2
0.07051170005899189,2023-08-28 16:31:48,1,19,0,0.5483870967741935,1,0.41379310344827586,0.0,0.4749112484110088,2024-11-04 08:09:41,0
0.07541676680722761,2023-07-07 17:58:29,1,9,2,0.04838709677419356,3,0.20344827586206898,0.0,0.008763232070363995,2024-11-04 08:09:17,1
0.021329939478686447,2023-10-30 17:24:55,1,32,2,0.11290322580645162,3,0.5793103448275863,0.0,0.07624334573155445,2024-11-04 08:06:47,1
0.05002840350455549,2023-10-16 16:50:31,1,39,2,0.04838709677419356,3,0.47586206896551725,0.0,0.04704892983834809,2024-11-04 08:12:14,1
0.15154362122834233,2023-06-22 16:38:46,1,26,1,0.6451612903225806,1,0.33448275862068966,0.0,0.0888020064816726,2024-11-04 08:11:43,2
0.06214359063995281,2023-11-24 16:30:21,1,32,0,0.532258064516129,0,0.5586206896551724,0.0,0.893153237575954,2024-11-04 08:11:42,0
0.16516091677773165,2023-02-28 17:24:26,0,38,1,0.14516129032258068,1,0.0,0.0,0.1814411201018568,2024-11-04 08:07:17,1
0.01689462299809915,2023-04-25 16:23:59,1,5,0,0.5483870967741935,1,0.2206896551724138,0.0,0.365947623622006,2024-11-04 08:09:33,2
0.06153182284952697,2023-11-15 18:04:22,0,40,2,0.14516129032258068,1,0.43103448275862066,0.0,0.31341394305781406,2024-11-04 08:09:36,1
0.4052961611571151,2023-06-20 17:04:02,1,36,2,0.14516129032258068,1,0.0896551724137931,0.0,0.5220556353645757,2024-11-04 08:10:01,0
0.1401275972820031,2023-02-24 16:49:51,1,5,0,0.12903225806451613,3,0.24137931034482757,0.0,0.06898322710928295,2024-11-04 08:09:22,1
0.2067010421901287,2023-01-06 17:23:59,1,13,0,0.6774193548387097,0,0.7896551724137931,0.0,0.5058447316075315,2024-11-04 08:07:11,2
0.31225829710065767,2023-09-20 17:44:37,1,42,2,0.5483870967741935,2,0.3758620689655172,0.0,0.2637728819780328,2024-11-04 08:06:42,2
0.014229063339815159,2023-08-11 16:38:16,0,2,2,0.9516129032258065,2,0.5275862068965518,0.0,0.4701303258516019,2024-11-04 08:06:54,2
0.2913270991282309,2023-12-20 16:17:11,1,23,2,0.4838709677419355,1,0.3620689655172414,0.0,0.2389607543532142,2024-11-04 08:11:43,2
0.2339793309882235,2023-06-05 16:02:04,1,33,1,0.5967741935483871,2,0.21379310344827585,0.0,0.2266125025965008,2024-11-04 08:10:24,2
0.19716401931438313,2023-04-17 17:58:55,1,33,0,0.7419354838709677,2,0.5413793103448277,0.0,0.46784271625238055,2024-11-04 08:10:24,2
0.4572035657322642,2023-11-27 16:14:25,1,31,1,0.11290322580645162,3,0.7103448275862069,0.0,0.3973214195683053,2024-11-04 08:07:12,1
0.07374532980838559,2023-08-10 16:16:41,1,1,0,0.4838709677419355,0,0.41724137931034483,0.0,0.6257355071562587,2024-11-04 08:09:32,0
0.10096353426992069,2023-08-08 16:21:01,1,0,1,0.5645161290322581,2,0.044827586206896544,0.0,0.4042427326548708,2024-11-04 08:10:41,2
0.19374467434289586,2023-11-29 16:27:38,1,13,2,0.8225806451612903,0,0.296551724137931,0.0,0.4443958942684725,2024-11-04 08:08:19,2
0.12233170923550876,2023-01-23 18:45:00,1,14,1,0.5645161290322581,0,0.09310344827586207,0.0,0.5578641537693125,2024-11-04 08:12:18,0
0.40247765955122466,2023-07-19 16:11:01,1,42,0,0.6774193548387097,2,0.2827586206896551,0.0,0.3053276498256563,2024-11-04 08:11:08,2
0.12178548799405711,2023-07-17 16:20:27,1,13,0,0.14516129032258068,3,0.296551724137931,0.0,0.10970980364740295,2024-11-04 08:08:15,1
0.30424523148856214,2023-10-04 17:06:57,1,38,0,0.8225806451612903,0,0.14827586206896554,0.0,0.3451863732951326,2024-11-04 08:09:49,2
0.8173163057964998,2023-02-27 16:18:28,1,22,2,0.24193548387096775,1,0.29310344827586204,0.0,0.05827320767502096,2024-11-04 08:06:37,1
0.014846293342655512,2023-11-06 17:23:43,1,4,0,0.7096774193548387,2,0.5310344827586208,0.0,0.3931408012616473,2024-11-04 08:08:43,2
0.16923572723896085,2023-11-24 16:49:29,1,11,1,0.29032258064516125,0,0.5379310344827587,0.0,0.6628421078813294,2024-11-04 08:10:52,0
0.0437632458651052,2023-03-06 16:25:52,1,18,2,0.5483870967741935,0,0.36551724137931035,0.0,0.6427006565701721,2024-11-04 08:09:54,0
0.014114356879110317,2023-12-01 17:45:05,0,11,1,0.7741935483870968,0,0.3620689655172414,0.0,0.3455816464201229,2024-11-04 08:10:24,2
0.4614914024776596,2023-01-09 16:21:35,0,28,1,0.8870967741935485,2,0.5965517241379311,0.0,0.10758756341680008,2024-11-04 08:11:10,2
0.03248377722912889,2023-05-22 16:38:39,1,14,0,0.14516129032258068,3,0.1586206896551724,0.0,0.04697095078647924,2024-11-04 08:10:10,1
0.41431427385348163,2023-06-23 16:12:15,1,35,0,0.6774193548387097,1,0.3586206896551724,0.0,0.47925320268705063,2024-11-04 08:08:24,2
0.16454914898730583,2023-02-24 16:33:33,1,5,0,0.06451612903225812,3,0.9448275862068966,0.0,0.06386954911302191,2024-11-04 08:11:09,1
0.06434486224300291,2023-05-24 17:07:57,0,19,1,0.22580645161290325,0,0.07241379310344827,0.0,0.9047203543475675,2024-11-04 08:07:10,0
0.26418536564049905,2023-10-16 18:57:30,1,27,0,0.8387096774193548,2,0.3620689655172414,0.0,0.20407655660640547,2024-11-04 08:06:59,2
0.04297122506500033,2023-02-17 16:41:31,1,23,0,0.32258064516129037,0,0.46551724137931033,0.0,0.6597323570714564,2024-11-04 08:12:17,0
0.01986606655159606,2023-05-04 17:02:55,1,24,0,0.9193548387096775,2,0.8655172413793104,0.0,0.5269992383597779,2024-11-04 08:07:35,2
0.047843518538748936,2023-12-13 17:25:54,1,7,1,0.5,1,0.18275862068965515,0.0,0.24543503235794537,2024-11-04 08:07:16,2
0.5470788088007167,2023-07-17 17:46:06,1,30,2,0.20967741935483875,0,0.15517241379310343,0.0,0.647470151165081,2024-11-04 08:11:43,0
0.38512967292272066,2023-09-12 18:52:56,1,42,2,0.6612903225806451,0,0.393103448275862,0.0,0.3294628386122687,2024-11-04 08:12:18,2
0.07990670541196007,2023-08-03 18:35:54,1,41,2,0.5806451612903226,2,0.393103448275862,1.0,0.26790106609464104,2024-11-04 08:07:38,2
0.06370578339050449,2023-11-20 16:31:15,1,8,2,0.8548387096774193,2,0.7448275862068966,0.0,0.3212004202802003,2024-11-04 08:06:37,2
0.05798138478009133,2023-01-16 16:37:34,1,20,1,0.6290322580645161,2,0.2655172413793103,0.0,0.08121787145422195,2024-11-04 08:07:01,2
0.5940920710524592,2023-03-27 18:06:17,1,4,0,0.967741935483871,2,0.32068965517241377,0.0,0.16209626513953213,2024-11-04 08:12:04,2
0.3190751381939741,2023-01-02 16:51:47,1,19,0,0.08064516129032262,3,0.10689655172413794,0.0,0.2939689253478303,2024-11-04 08:11:29,1
0.31938648430160155,2023-06-12 16:25:22,0,6,1,0.5967741935483871,2,0.38275862068965516,0.0,0.43149641128303107,2024-11-04 08:07:59,2
0.04312416701260678,2023-11-24 17:52:34,1,7,1,0.6129032258064516,2,0.44827586206896547,0.0,0.1016981283010852,2024-11-04 08:07:01,2
0.09442526600974459,2023-10-05 16:46:31,0,1,2,0.03225806451612906,3,0.9586206896551724,0.0,0.0933153802251847,2024-11-04 08:07:24,1
0.6692521138762044,2023-11-27 16:02:08,0,19,2,0.5161290322580645,0,0.34137931034482755,0.0,0.5720012180865689,2024-11-04 08:11:41,0
0.23080578557538947,2023-11-20 16:07:20,1,20,1,0.16129032258064518,3,0.6310344827586207,0.0,0.12282238455907218,2024-11-04 08:10:28,1
0.07383272520701786,2023-10-06 16:14:51,1,38,0,0.6290322580645161,2,0.2827586206896551,0.0,0.35047752085771583,2024-11-04 08:08:57,2
0.1686075728112915,2023-04-03 16:35:29,1,20,2,0.11290322580645162,3,0.5413793103448277,0.0,0.12298237606204446,2024-11-04 08:07:47,1
0.1615012344600057,2023-02-20 17:26:39,1,4,1,0.29032258064516125,0,0.36896551724137927,0.0,0.06375661393445324,2024-11-04 08:09:56,1
0.8262852585811358,2023-08-08 17:15:50,1,30,2,0.016129032258064557,3,0.13793103448275862,0.0,0.6629019366366425,2024-11-04 08:09:45,0
0.04215735541523739,2023-06-26 16:28:59,1,42,1,0.6451612903225806,2,0.8896551724137931,0.0,0.12425760245338233,2024-11-04 08:10:59,2
0.050383447311499054,2023-09-25 16:22:10,0,39,2,0.3548387096774194,1,0.2068965517241379,0.0,0.41633083016095285,2024-11-04 08:08:25,0
0.05324564661670563,2023-09-04 16:46:29,0,20,2,0.3709677419354839,1,0.4379310344827586,0.0,0.2696616448605419,2024-11-04 08:07:15,1
0.15917979418383624,2023-08-07 18:07:57,1,8,0,0.04838709677419356,3,0.27586206896551724,0.0,0.09067215926011325,2024-11-04 08:11:59,1
0.03097074439030785,2023-06-26 17:38:30,1,0,0,0.06451612903225812,3,0.43103448275862066,0.0,0.10054255942037366,2024-11-04 08:07:18,1
0.2384474207432979,2023-07-03 16:15:11,1,39,2,0.14516129032258068,3,0.2827586206896551,0.0,0.07758445097705736,2024-11-04 08:10:00,1
0.14159693242150803,2023-06-09 16:31:56,1,2,2,0.8709677419354838,2,0.9724137931034483,0.0,0.48524548948324764,2024-11-04 08:07:31,2
0.3965566212938889,2023-02-13 17:13:49,1,29,2,0.6290322580645161,2,0.4724137931034483,0.0,0.13768546073855575,2024-11-04 08:06:49,2
0.31048307806593983,2023-04-25 18:47:16,1,15,0,0.8709677419354838,2,0.3137931034482758,0.0,0.19076902806506413,2024-11-04 08:08:39,2
0.545685944635015,2023-05-22 17:45:50,1,4,2,0.1774193548387097,1,0.10344827586206896,0.0,0.2803353637016925,2024-11-04 08:12:15,1
0.007592475256177763,2023-01-09 16:49:07,0,28,1,0.903225806451613,2,0.9655172413793104,0.0,0.3561195741537089,2024-11-04 08:10:20,2
0.6240960038453975,2023-07-14 17:44:23,0,29,1,0.6935483870967742,2,0.13103448275862067,0.0,0.15899592559453987,2024-11-04 08:11:26,2
0.033357731215451505,2023-09-20 18:18:00,1,33,0,0.14516129032258068,1,0.4103448275862069,0.0,0.49981883315104614,2024-11-04 08:06:27,0
0.014955537590945839,2023-06-09 17:14:26,1,27,2,0.5806451612903226,1,0.044827586206896544,0.0,0.4972045182138226,2024-11-04 08:08:22,0
0.001960934256811379,2023-04-17 16:27:27,1,38,0,0.1774193548387097,0,0.07586206896551724,0.0,0.6994055441761413,2024-11-04 08:08:51,0
0.23539950621599776,2023-04-21 16:25:49,0,2,1,0.8870967741935485,2,0.4103448275862069,0.0,0.43048335584194186,2024-11-04 08:07:30,2
0.09738578513841248,2023-12-15 16:16:30,1,15,1,0.5967741935483871,1,0.19655172413793104,0.0,0.5019027560889203,2024-11-04 08:12:21,0
0.13573597850073194,2023-05-24 16:12:18,1,10,0,0.0,3,0.1586206896551724,0.0,0.029864632399354933,2024-11-04 08:06:33,1
0.04145819222617929,2023-11-21 16:45:29,1,37,0,0.08064516129032262,3,0.30689655172413793,0.0,0.06520998212531907,2024-11-04 08:12:04,1
0.18953330857130374,2023-01-30 18:49:52,1,16,0,0.8225806451612903,0,0.8275862068965517,0.0,0.48208196001691345,2024-11-04 08:08:01,2
0.1779151827656274,2023-07-20 16:58:39,1,42,0,0.016129032258064557,3,0.9206896551724139,0.0,0.04572194149016624,2024-11-04 08:08:23,1
0.13617295549389324,2023-11-20 16:05:05,1,27,1,0.935483870967742,2,0.8137931034482759,0.0,0.291934075433977,2024-11-04 08:11:08,2
0.009378618715724618,2023-02-23 16:21:38,1,0,0,0.6129032258064516,0,0.07931034482758621,0.0,0.7096550838644536,2024-11-04 08:08:36,0
0.10801525049706133,2023-04-24 17:46:41,0,2,1,0.12903225806451613,3,0.10344827586206896,0.0,0.009998124469355916,2024-11-04 08:10:09,1
0.3197142170464725,2023-09-04 16:13:40,1,33,1,0.08064516129032262,3,0.15517241379310343,0.0,0.10936024238040469,2024-11-04 08:09:16,1
0.2372839694990059,2023-12-05 18:33:02,0,41,2,0.14516129032258068,3,0.393103448275862,0.0,0.08039438577715875,2024-11-04 08:10:09,1
0.2788131704865739,2023-06-07 16:35:27,0,26,2,0.14516129032258068,3,0.9793103448275863,0.0,0.38493955615130354,2024-11-04 08:07:57,1
0.18119251021433724,2023-08-28 16:40:01,1,10,0,0.903225806451613,2,0.006896551724137931,0.0,0.5040935641065114,2024-11-04 08:09:26,2
0.10885096899648233,2023-10-10 17:24:33,1,32,2,0.6129032258064516,1,0.8896551724137931,0.0,0.638724397158067,2024-11-04 08:10:49,0
0.11618672026917783,2023-11-14 16:56:34,1,1,2,0.6612903225806451,1,0.5793103448275863,0.0,0.27415014597544063,2024-11-04 08:10:42,2
0.14764360156437764,2023-02-17 16:57:32,1,30,2,0.08064516129032262,3,0.44482758620689655,0.0,0.07839852538923985,2024-11-04 08:08:05,1
0.1672037842207608,2023-06-27 18:26:08,1,7,0,0.12903225806451613,1,0.3793103448275862,0.0,0.6391237036822919,2024-11-04 08:07:43,0
0.3510891651554546,2023-10-02 17:47:19,0,11,0,0.32258064516129037,0,0.2586206896551724,0.0,0.7990963841248095,2024-11-04 08:07:01,0
0.05364985033537985,2023-02-16 17:14:41,1,24,1,0.467741935483871,1,0.006896551724137931,0.0,0.6343676537514983,2024-11-04 08:11:29,0
0.4854541283401429,2023-08-29 17:55:07,1,41,2,0.29032258064516125,1,0.5482758620689655,0.0,0.3176086782617932,2024-11-04 08:11:23,1
0.2936485394044004,2023-09-19 16:44:21,1,18,2,0.14516129032258068,3,0.4275862068965517,0.0,0.012830242965247561,2024-11-04 08:09:27,1
0.13159562149052853,2023-05-30 18:29:15,1,23,0,0.11290322580645162,3,0.5241379310344828,0.0,0.09030310323014779,2024-11-04 08:06:56,1
0.07116170333631934,2023-04-05 17:20:36,1,1,0,0.7419354838709677,0,0.28965517241379307,0.0,0.7463415388359208,2024-11-04 08:09:50,0
0.4369933797985536,2023-12-04 16:25:27,0,36,1,0.03225806451612906,3,0.25517241379310346,0.0,0.03974242712487875,2024-11-04 08:11:42,1
0.0046701916144115015,2023-05-22 16:57:30,1,9,2,0.6290322580645161,0,0.5344827586206897,0.0,0.9022344359526453,2024-11-04 08:09:40,0
0.01543621228342328,2023-06-02 16:54:12,1,11,0,0.03225806451612906,3,0.5275862068965518,0.0,0.03766589875226795,2024-11-04 08:08:28,1
0.23544866612772838,2023-05-01 16:18:16,0,1,2,0.08064516129032262,3,0.30689655172413793,0.0,0.016169225298286682,2024-11-04 08:09:29,1
0.4834440341716009,2023-08-22 18:41:50,0,33,0,0.467741935483871,1,0.16896551724137931,0.0,0.5150623933249932,2024-11-04 08:10:03,0
0.10868164041163232,2023-09-04 16:04:27,1,40,0,0.1774193548387097,1,0.15172413793103445,0.0,0.6542039111872379,2024-11-04 08:07:46,0
0.022941292140968777,2023-10-26 16:19:25,1,33,0,0.4193548387096775,0,0.5551724137931034,0.0,0.011197388508442242,2024-11-04 08:09:35,1
0.09056348183268151,2023-07-14 16:06:06,1,16,0,0.19354838709677424,1,0.5586206896551724,0.0,0.35597974964690954,2024-11-04 08:07:04,1
0.3212381743101226,2023-01-05 17:48:29,1,9,2,0.16129032258064518,3,0.9448275862068966,0.0,0.1226072699332271,2024-11-04 08:07:39,1
0.03963381327973082,2023-11-10 16:50:35,1,15,2,0.8064516129032258,0,0.40344827586206894,0.0,0.457751823600629,2024-11-04 08:06:49,2
0.08854246323931046,2023-11-22 16:10:32,1,40,2,0.29032258064516125,1,0.4724137931034483,0.0,0.4991223995498727,2024-11-04 08:09:02,0
0.3192990889029693,2023-10-17 16:11:26,0,26,2,0.4032258064516129,0,0.34137931034482755,0.0,0.8045892016491226,2024-11-04 08:09:47,0
0.020696322838602548,2023-10-06 16:37:16,0,28,2,0.8709677419354838,2,0.4103448275862069,0.0,0.08895460341938144,2024-11-04 08:12:23,2
0.34920470187244645,2023-12-18 16:25:18,1,30,1,0.6774193548387097,0,0.11379310344827585,0.0,0.781422028678813,2024-11-04 08:12:02,0
0.03166444536695143,2023-07-26 17:25:23,1,31,2,0.16129032258064518,3,0.08275862068965517,0.0,0.6108959591389769,2024-11-04 08:09:59,0
0.4238403723043982,2023-02-22 17:15:20,0,33,2,0.967741935483871,2,0.30689655172413793,0.0,0.322246415148372,2024-11-04 08:06:38,2
0.10288077082741595,2024-01-01 17:16:23,1,4,2,0.7903225806451613,2,0.05517241379310345,0.0,0.47495763250220663,2024-11-04 08:06:23,2
0.36875942231641506,2023-12-29 16:45:06,0,17,2,0.6129032258064516,2,0.07241379310344827,0.0,0.3094094498510667,2024-11-04 08:11:11,2
0.051650680591666845,2023-03-21 16:36:30,0,8,1,0.7903225806451613,2,0.1586206896551724,0.0,0.0783501245984247,2024-11-04 08:12:17,2
0.23210032991762986,2023-02-20 16:16:39,0,14,2,0.6612903225806451,1,0.43103448275862066,0.0,0.3823897756018336,2024-11-04 08:11:26,2
0.027321986497410914,2023-02-02 16:20:28,1,28,1,0.6774193548387097,1,0.1896551724137931,0.0,0.3782589025524023,2024-11-04 08:06:46,2
0.038464899823024326,2023-11-22 17:01:08,1,12,2,0.11290322580645162,3,0.3275862068965517,0.0,0.09251340601070601,2024-11-04 08:10:55,1
0.14284231685201773,2023-01-12 18:07:21,1,6,2,0.16129032258064518,3,0.12413793103448274,0.0,0.048569521349790507,2024-11-04 08:11:48,1
0.09993663833599162,2023-10-05 18:40:15,1,25,0,0.14516129032258068,3,0.18275862068965515,0.0,0.06199469070214088,2024-11-04 08:07:27,1
0.031713605278682076,2023-07-31 16:21:15,0,21,1,0.1774193548387097,1,0.9137931034482759,0.75,0.3983176691792503,2024-11-04 08:06:58,1
0.08553824641132646,2023-01-30 16:37:53,1,5,0,0.532258064516129,0,0.3172413793103448,0.0,0.9647319570926991,2024-11-04 08:10:27,0
0.06577049968319168,2023-12-25 18:16:39,1,7,0,0.3870967741935484,0,0.7689655172413793,0.0,0.3544242020087673,2024-11-04 08:12:08,0
0.16843278201402698,2023-10-06 18:59:06,0,34,1,0.6612903225806451,1,0.3137931034482758,0.0,0.6080940911373447,2024-11-04 08:06:47,0
0.27668836985732703,2023-12-20 16:17:24,1,25,0,0.6612903225806451,1,0.10689655172413794,0.0,0.1784799328304581,2024-11-04 08:08:00,2
0.17923157595752584,2023-11-09 16:47:01,1,27,0,0.3709677419354839,1,0.3379310344827586,0.0,0.1627900098078825,2024-11-04 08:11:57,1
0.43481395704516157,2023-03-22 16:03:01,1,2,1,0.7903225806451613,2,0.18620689655172412,0.0,0.09388341728405686,2024-11-04 08:08:32,2
0.03944263584522275,2023-10-17 18:02:43,1,4,2,0.1774193548387097,0,0.21379310344827585,0.0,0.08089385504904278,2024-11-04 08:11:10,1
0.15258144158710046,2023-05-31 16:28:06,1,13,0,0.11290322580645162,3,0.41724137931034483,0.0,0.1215868199268745,2024-11-04 08:06:53,1
0.16601848412681072,2023-06-08 16:06:13,1,16,2,0.11290322580645162,3,0.3172413793103448,0.0,0.021608264166138407,2024-11-04 08:10:19,1
0.191789202298499,2023-06-26 18:41:55,1,27,1,0.7419354838709677,2,0.03793103448275863,0.0,0.5044727036345633,2024-11-04 08:06:32,2
0.04687124472896502,2023-11-20 18:40:45,1,9,1,0.20967741935483875,0,0.044827586206896544,0.0,0.0497694576220826,2024-11-04 08:12:19,1
0.3300487229347375,2023-08-08 18:39:24,1,32,0,0.16129032258064518,3,0.24137931034482757,0.0,0.04081934472051569,2024-11-04 08:06:32,1
0.1411654176407612,2023-02-22 17:12:15,1,5,0,0.14516129032258068,3,0.3896551724137931,0.0,0.08444391860869238,2024-11-04 08:06:36,1
0.5431460158622649,2023-06-21 16:00:07,1,2,2,0.6935483870967742,0,0.5103448275862069,0.0,0.9032085018678,2024-11-04 08:09:25,0
0.006117677904258341,2023-01-31 17:14:32,0,2,1,0.9193548387096775,2,0.18620689655172412,0.0,0.4810588210777378,2024-11-04 08:08:10,2
0.03468504883217899,2023-06-27 17:44:24,1,35,0,0.8225806451612903,2,0.3103448275862069,0.0,0.3279193911718302,2024-11-04 08:10:22,2
0.2439260197950578,2023-06-26 18:51:31,0,24,1,0.5967741935483871,2,0.4586206896551724,0.0,0.10226683759316313,2024-11-04 08:09:33,2
0.034564880159059626,2023-05-22 18:23:18,1,9,0,0.12903225806451613,1,0.43448275862068964,0.0,0.28903204468468563,2024-11-04 08:07:31,1
0.0441619873713649,2023-10-16 18:07:26,1,5,2,0.4838709677419355,1,0.3448275862068965,0.0,0.1310296797682678,2024-11-04 08:07:46,2
0.24088356748017217,2023-02-27 16:07:46,0,40,1,0.6451612903225806,0,0.2655172413793103,1.0,0.9144200072735634,2024-11-04 08:11:41,0
0.09323996591579455,2023-12-28 16:46:46,1,42,1,0.7419354838709677,0,0.20344827586206898,0.0,0.8922342947836721,2024-11-04 08:06:53,0
0.026355174900041512,2023-01-09 17:22:18,1,2,1,0.06451612903225812,3,0.20344827586206898,0.0,0.21921726509987036,2024-11-04 08:10:53,1
0.17739627258624832,2023-01-11 17:04:19,1,17,1,0.6774193548387097,0,0.3310344827586207,0.0,0.9021073838767556,2024-11-04 08:10:08,0
0.4034827066354957,2023-10-09 18:54:21,1,30,1,0.3709677419354839,0,0.5620689655172414,0.0,0.9245882067439781,2024-11-04 08:08:51,0
0.09837444558543994,2023-05-30 16:12:10,0,28,2,0.24193548387096775,1,0.15517241379310343,0.0,0.6589922283119082,2024-11-04 08:06:40,0
0.3933885380934694,2023-12-07 16:10:40,1,40,1,0.5806451612903226,2,0.11724137931034483,0.0,0.20162559433818308,2024-11-04 08:08:35,2
0.6097522340448776,2023-02-23 16:54:09,1,40,0,0.6129032258064516,2,0.32413793103448274,0.0,0.08678127346514036,2024-11-04 08:07:14,2
0.15905962551071687,2023-02-08 16:29:56,1,24,0,0.6290322580645161,2,0.43103448275862066,0.0,0.47327436055496885,2024-11-04 08:10:03,2
0.6514726124669536,2023-12-04 18:30:00,1,19,1,0.08064516129032262,3,0.21724137931034482,0.0,0.014987439322550266,2024-11-04 08:08:01,1
0.05351875723743145,2023-04-10 17:58:46,1,23,2,0.16129032258064518,3,0.47586206896551725,0.0,0.03216366996307423,2024-11-04 08:08:58,1
0.05474229281828312,2023-02-17 16:53:25,0,25,1,0.0,3,0.32413793103448274,0.0,0.4065404257521786,2024-11-04 08:12:12,1
0.024929537459852737,2023-07-04 18:55:57,1,8,1,0.6129032258064516,1,0.8758620689655173,0.0,0.37618506311261457,2024-11-04 08:07:45,2
0.1408977692324499,2023-11-27 17:19:31,1,35,2,0.33870967741935487,0,0.7413793103448276,0.0,0.6359467295518424,2024-11-04 08:10:11,0
0.5892907863400991,2023-05-05 16:42:25,1,19,2,0.5645161290322581,1,0.6931034482758621,0.0,0.13015174320153755,2024-11-04 08:07:41,2
0.1569020516069829,2023-05-22 16:57:31,1,12,2,0.06451612903225812,3,0.8448275862068966,0.0,0.005744232743269435,2024-11-04 08:08:19,1
0.2736786908169285,2023-05-22 18:27:37,0,35,2,0.12903225806451613,1,0.4689655172413793,0.0,0.5658778458152475,2024-11-04 08:08:07,0
0.014114356879110317,2023-02-17 16:21:21,1,23,0,0.14516129032258068,3,0.07586206896551724,0.0,0.08964364245529147,2024-11-04 08:07:09,1
0.23843103410605432,2023-09-28 16:14:49,1,17,0,0.03225806451612906,3,0.5724137931034483,0.0,0.04863540020395556,2024-11-04 08:09:11,1
0.5605322379776705,2023-06-21 16:40:17,1,30,1,0.5645161290322581,2,0.5344827586206897,0.0,0.2038392582847701,2024-11-04 08:07:24,2
0.06723437261028206,2023-08-11 17:00:56,0,3,2,0.20967741935483875,0,0.0,0.0,0.45375472495914504,2024-11-04 08:09:58,0
0.07606677008455506,2023-09-22 18:02:42,1,32,1,0.08064516129032262,3,0.07241379310344827,0.0,0.09868517907284254,2024-11-04 08:08:00,1
0.06696126198955625,2023-11-29 17:38:53,0,39,2,0.467741935483871,0,0.40344827586206894,0.5,0.8794954755344087,2024-11-04 08:07:00,0
0.0012289977932661844,2023-04-17 16:04:21,1,3,2,0.7258064516129032,2,0.07586206896551724,0.0,0.3219566826366869,2024-11-04 08:11:22,2
0.012213506958858618,2023-05-10 16:35:02,1,41,0,0.7419354838709677,0,0.3172413793103448,0.0,0.5095393253064208,2024-11-04 08:11:17,2
0.06913522253053377,2023-02-20 16:40:25,1,2,1,0.6290322580645161,2,0.09999999999999999,0.0,0.4032579110084238,2024-11-04 08:10:31,2
0.025311892328868886,2023-08-30 17:54:55,1,11,2,0.5967741935483871,0,0.2,0.0,0.09819310436622192,2024-11-04 08:06:23,2
0.13302672114313183,2023-01-03 16:42:41,1,37,1,0.6290322580645161,0,0.13103448275862067,0.0,0.9162948656844444,2024-11-04 08:10:09,0
0.1263136620856912,2023-08-28 17:22:16,0,28,1,0.6774193548387097,2,0.296551724137931,0.0,0.3823998590999201,2024-11-04 08:12:09,2
0.41648277218204466,2023-05-02 17:24:54,1,20,0,0.7419354838709677,0,0.806896551724138,0.0,0.007051726328484068,2024-11-04 08:06:39,2
0.0184458913238218,2023-05-22 17:09:30,1,20,1,0.6290322580645161,1,0.09655172413793102,0.0,0.19998937871534891,2024-11-04 08:09:59,2
0.055304900696978306,2023-03-23 16:17:51,0,40,2,0.4516129032258065,1,0.6517241379310346,0.0,0.1983269459974899,2024-11-04 08:11:54,2
0.16886975900718829,2023-10-18 16:51:31,1,14,1,0.14516129032258068,1,0.11034482758620691,0.0,0.5688612167824364,2024-11-04 08:10:21,0
0.14056457427516444,2023-12-18 16:30:46,0,13,2,0.6612903225806451,2,0.9758620689655172,0.0,0.527604920478173,2024-11-04 08:09:57,2
0.044653586488671376,2023-12-25 17:27:57,0,34,1,0.08064516129032262,3,0.503448275862069,0.0,0.01245379237001867,2024-11-04 08:07:14,1
0.2604000524372392,2023-01-10 16:00:32,1,36,2,0.08064516129032262,3,0.6103448275862069,0.0,0.07073775577633189,2024-11-04 08:10:10,1
0.18196268216478403,2023-09-11 16:36:59,1,30,0,0.8064516129032258,0,0.08620689655172413,0.0,0.7076188894841888,2024-11-04 08:08:37,0
0.005484061264174442,2023-12-07 16:59:06,1,14,0,0.467741935483871,1,0.6448275862068966,0.0,0.5175604119176191,2024-11-04 08:10:12,0
0.40267429919814723,2023-01-03 16:28:03,0,0,1,0.5645161290322581,0,0.22413793103448276,0.75,0.035760117613921685,2024-11-04 08:07:37,2
0.053906574318862116,2023-12-29 17:37:37,1,23,1,0.9193548387096775,2,0.21724137931034482,0.0,0.37434112742919873,2024-11-04 08:07:52,2
0.6306288098931592,2023-08-02 17:52:47,1,8,0,0.532258064516129,0,0.3379310344827586,0.0,0.40859006479655874,2024-11-04 08:11:47,2
0.11736655815071337,2023-01-05 16:02:42,1,5,2,0.4516129032258065,1,0.3586206896551724,0.0,0.25911161692925216,2024-11-04 08:08:16,2
0.119245559221307,2023-10-16 16:30:38,0,22,1,0.7096774193548387,0,0.3172413793103448,0.0,0.9255078217694659,2024-11-04 08:08:19,0
0.18660010050470843,2023-06-14 16:34:43,1,2,0,0.4032258064516129,1,0.27241379310344827,0.0,0.2727465230418015,2024-11-04 08:11:00,2
0.027403919683628656,2023-07-10 16:06:28,1,38,1,0.22580645161290325,0,0.1413793103448276,0.0,0.6515324564275242,2024-11-04 08:09:10,0
0.24043020384976732,2023-09-21 17:41:34,1,7,1,0.967741935483871,2,0.044827586206896544,0.0,0.33753098154787076,2024-11-04 08:07:52,2
0.0009395005352968168,2023-12-25 17:41:33,1,39,0,0.7741935483870968,0,0.5517241379310345,0.0,0.7742042607485049,2024-11-04 08:10:47,0
0.09460005680700911,2023-12-25 16:25:43,1,30,0,0.20967741935483875,1,0.5206896551724138,0.0,0.6033575359695184,2024-11-04 08:07:11,0
0.23951801437654308,2023-02-13 16:48:50,1,35,1,0.06451612903225812,3,0.21724137931034482,0.0,0.11575788579967856,2024-11-04 08:11:13,1
0.2836854639603225,2023-11-23 17:42:11,0,42,2,0.8548387096774193,2,0.10344827586206896,0.0,0.27273375061089195,2024-11-04 08:06:37,2
0.4033406891127182,2023-03-07 16:36:08,1,6,2,0.5161290322580645,0,0.393103448275862,0.0,0.9579410572480521,2024-11-04 08:11:40,0
0.08241386091022307,2023-06-01 16:18:49,1,22,2,0.7419354838709677,2,0.09655172413793102,0.0,0.13809955639330754,2024-11-04 08:11:40,2
0.24266424872730452,2023-04-04 16:11:34,1,21,2,0.14516129032258068,1,0.02413793103448276,0.0,0.3577894014368313,2024-11-04 08:06:58,1
0.002747492844501737,2023-03-08 18:51:57,1,16,2,0.5483870967741935,0,0.9172413793103449,0.0,0.750325865046495,2024-11-04 08:09:14,0
0.05318556228014595,2023-05-15 16:05:06,0,25,2,0.4838709677419355,0,0.40344827586206894,0.0,0.8312237534947724,2024-11-04 08:11:10,0
0.14020953046822085,2023-05-04 16:37:21,1,36,1,0.12903225806451613,1,0.21034482758620687,0.0,0.163288134613355,2024-11-04 08:08:10,1
0.40125412397037297,2023-12-08 16:36:30,0,4,1,0.4838709677419355,1,0.9655172413793104,0.0,0.4127397603757515,2024-11-04 08:08:49,0
0.6831479822587342,2023-02-28 17:45:06,1,8,0,0.29032258064516125,0,0.33448275862068966,0.25,0.7706326857262707,2024-11-04 08:08:33,0
0.04589350870676659,2023-06-12 17:09:17,1,22,1,0.33870967741935487,0,0.4551724137931034,0.0,0.9064298433898301,2024-11-04 08:07:40,0
0.11046232165876467,2023-12-28 16:30:32,0,41,0,0.4838709677419355,1,0.20344827586206898,0.0,0.49374856730298033,2024-11-04 08:08:28,0
0.08451681268981188,2023-08-28 17:07:08,1,23,1,0.11290322580645162,3,0.14827586206896554,0.0,0.08854050776462966,2024-11-04 08:08:06,1
0.2628798968734296,2023-09-12 17:21:48,1,1,1,0.6451612903225806,2,0.9206896551724139,0.0,0.40605171221158676,2024-11-04 08:11:54,2
0.09431055954903975,2023-08-28 16:56:05,1,24,2,0.03225806451612906,3,0.6965517241379311,0.0,0.021119550625546615,2024-11-04 08:08:14,1
0.15039109440887938,2023-10-10 16:49:03,0,30,1,0.5645161290322581,2,0.7862068965517242,0.0,0.4175253885675988,2024-11-04 08:10:12,2
0.11303502370600188,2024-01-01 16:12:32,1,8,2,0.6774193548387097,1,0.4241379310344827,0.0,0.5371640766641638,2024-11-04 08:06:23,2
0.07459197273263563,2023-08-25 18:24:06,1,6,1,0.20967741935483875,1,0.013793103448275862,0.0,0.41187257954031353,2024-11-04 08:08:03,1
0.3407000371430444,2023-02-16 17:34:34,1,15,1,0.12903225806451613,1,0.4206896551724138,1.0,0.32764512002387775,2024-11-04 08:11:42,1
0.005402128077956696,2023-02-23 16:51:34,1,2,0,0.6612903225806451,0,0.16551724137931034,1.0,0.474115324295382,2024-11-04 08:11:00,2
0.014223601127400645,2023-12-12 16:57:29,1,41,0,0.22580645161290325,0,0.07931034482758621,0.0,0.49553872432993473,2024-11-04 08:09:28,0
0.1743756691210208,2023-06-09 16:03:24,0,41,1,0.1774193548387097,1,0.20344827586206898,0.0,0.15220032011745263,2024-11-04 08:10:45,1
0.0994996613428303,2023-03-22 16:59:56,1,18,1,0.532258064516129,2,0.4379310344827586,0.0,0.19824762247920955,2024-11-04 08:10:41,2
0.3912910485262951,2023-04-10 16:04:28,1,1,0,0.4193548387096775,0,0.7965517241379311,0.0,0.4628460068339228,2024-11-04 08:10:05,0
0.1216434704712797,2023-03-23 17:26:31,0,14,0,0.7580645161290323,0,0.4827586206896552,0.0,0.4885932108479617,2024-11-04 08:12:21,2
0.0434300509078197,2023-01-23 16:50:55,1,37,0,0.8064516129032258,2,0.5413793103448277,0.0,0.3299394519551567,2024-11-04 08:08:44,2
0.3233520505145404,2023-10-16 16:49:07,1,40,0,0.5483870967741935,0,0.44827586206896547,0.0,0.6530644759034646,2024-11-04 08:07:20,0
0.1092060128034259,2023-07-18 18:11:40,0,35,1,0.5483870967741935,2,0.3379310344827586,0.0,0.28823746503547043,2024-11-04 08:12:17,2
0.1876925429876117,2023-12-11 16:37:20,1,26,2,0.7258064516129032,2,0.3,0.0,0.42915233409452547,2024-11-04 08:12:01,2
0.08840044571653302,2023-12-06 17:34:01,1,25,1,0.3709677419354839,1,0.48620689655172417,0.0,0.569680669060265,2024-11-04 08:08:09,0
0.019587493718455723,2023-11-29 17:55:07,1,15,2,0.06451612903225812,3,0.7724137931034483,0.0,0.1002185430151945,2024-11-04 08:08:11,1
0.19371736328082328,2023-12-18 16:33:07,1,4,0,0.903225806451613,2,0.6241379310344828,0.0,0.25345544673593806,2024-11-04 08:09:08,2
0.02083834036137997,2023-04-11 16:06:20,1,10,0,0.3548387096774194,0,0.36896551724137927,0.0,0.6068571820387355,2024-11-04 08:07:27,0
0.007122724988529354,2023-06-06 16:36:30,1,35,0,0.08064516129032262,3,0.18275862068965515,0.0,0.007448343919885937,2024-11-04 08:09:17,1
0.10344884091852564,2023-09-25 16:32:45,1,5,0,0.04838709677419356,3,0.1724137931034483,0.0,0.5616434488521282,2024-11-04 08:11:01,0
0.1393191898446547,2023-09-13 16:14:04,1,3,0,1.0,2,0.058620689655172406,0.0,0.41600614152256793,2024-11-04 08:07:29,2
0.12576744084423955,2023-02-17 18:01:18,0,22,1,0.532258064516129,1,0.1586206896551724,0.0,0.6332551077959558,2024-11-04 08:10:49,0
0.1297166204199349,2023-06-12 18:51:29,1,40,0,0.6935483870967742,0,0.489655172413793,0.0,0.7860369096363959,2024-11-04 08:10:26,0
0.04629225021302629,2023-01-23 18:35:43,0,32,0,0.11290322580645162,3,0.506896551724138,0.0,0.08047975939429101,2024-11-04 08:08:58,1
0.24263693766523195,2023-01-16 16:15:57,1,38,2,0.6290322580645161,2,0.17586206896551726,0.0,0.4007007358936904,2024-11-04 08:10:42,2
0.030435447573685246,2023-09-25 16:41:04,0,18,1,0.09677419354838712,3,0.2655172413793103,0.0,0.4668552056731105,2024-11-04 08:12:04,1
0.029850990845331993,2023-02-13 16:08:58,0,8,0,0.3709677419354839,1,0.9137931034482759,0.0,0.5260271891442405,2024-11-04 08:07:25,0
0.5721285149336888,2023-10-16 16:32:31,1,2,2,0.03225806451612906,3,0.44482758620689655,0.0,0.12016706339629696,2024-11-04 08:10:42,1
0.21492713408639036,2023-12-04 18:11:56,1,5,2,0.12903225806451613,3,0.27586206896551724,0.0,0.11205186413629126,2024-11-04 08:06:52,1
0.28147326793244337,2023-01-02 17:26:34,1,8,0,0.14516129032258068,1,0.1586206896551724,0.0,0.616267774686252,2024-11-04 08:06:54,0
0.181285367825384,2023-10-16 17:12:32,1,9,0,0.6612903225806451,0,0.3275862068965517,0.0,0.6485208516656931,2024-11-04 08:07:16,0
0.09705259018112697,2023-09-26 16:08:25,1,25,2,0.016129032258064557,3,0.5620689655172414,0.0,0.0014143786649314085,2024-11-04 08:11:29,1
0.7817955384648998,2023-12-11 16:23:59,1,32,2,0.03225806451612906,3,0.25517241379310346,0.0,0.07191416388642217,2024-11-04 08:08:41,1
0.13096746706285914,2023-02-27 17:25:09,1,1,2,0.24193548387096775,1,0.07241379310344827,0.0,0.5179913134025151,2024-11-04 08:09:41,0
0.25918744128121657,2023-10-06 18:26:45,1,4,2,0.4516129032258065,1,0.9448275862068966,0.0,0.5641602899745157,2024-11-04 08:06:24,0
0.24658611724092727,2023-03-01 16:56:01,1,6,2,0.1774193548387097,1,0.32068965517241377,0.0,0.5977813615276903,2024-11-04 08:10:51,0
0.1330540322052044,2023-12-20 16:41:44,1,29,1,0.33870967741935487,1,0.11379310344827585,0.0,0.3007961257855885,2024-11-04 08:08:53,1
0.23750792020800104,2023-07-24 16:01:27,1,37,2,0.5967741935483871,1,0.23448275862068962,0.0,0.1345279813710734,2024-11-04 08:11:15,2
0.06965413270991283,2023-04-25 16:41:32,1,24,0,0.03225806451612906,3,0.5517241379310345,0.0,0.06348973735176419,2024-11-04 08:10:26,1
0.01249754200441347,2023-11-15 17:23:40,0,23,2,0.467741935483871,0,0.2862068965517241,0.0,0.701430982825114,2024-11-04 08:09:21,0
0.298023771548428,2023-01-02 16:31:28,1,24,1,0.14516129032258068,1,0.10689655172413794,0.0,0.31983578687249553,2024-11-04 08:09:44,1
0.011443335008411808,2023-12-04 16:20:16,1,26,2,0.5967741935483871,1,0.09310344827586207,0.0,0.6368213049525437,2024-11-04 08:07:18,0
0.23119906486923464,2023-08-10 17:08:52,0,18,1,0.5161290322580645,0,0.24482758620689654,0.0,0.359725433069437,2024-11-04 08:07:23,2
0.06220913718892701,2023-02-21 16:47:54,1,1,0,0.016129032258064557,3,0.14482758620689656,0.0,0.10152065873476301,2024-11-04 08:08:38,1
0.15060412069304552,2023-12-15 16:04:20,0,42,2,0.8709677419354838,2,0.19655172413793104,0.0,0.40662378266969357,2024-11-04 08:07:16,2
0.32249994537787585,2023-09-25 16:56:21,1,42,1,0.14516129032258068,3,0.044827586206896544,0.0,0.05041749043244091,2024-11-04 08:09:15,1
0.08311302409928117,2023-10-23 16:45:37,1,38,0,0.3870967741935484,0,0.5724137931034483,0.0,0.607671256450918,2024-11-04 08:12:18,0
0.21603596320653717,2023-02-27 16:24:11,0,12,1,0.4032258064516129,0,0.37241379310344824,0.0,0.4251061624290206,2024-11-04 08:08:17,0
0.33587144136861197,2023-02-06 16:40:27,1,4,2,0.12903225806451613,3,0.44827586206896547,0.0,0.007556573466014244,2024-11-04 08:06:37,1
0.11337368087570189,2023-02-28 16:34:45,0,19,2,0.016129032258064557,3,0.06896551724137931,0.0,0.008525261515522874,2024-11-04 08:07:02,1
0.1203106906421377,2023-06-07 16:07:22,1,39,0,0.6290322580645161,2,0.489655172413793,0.0,0.11366724052974667,2024-11-04 08:07:19,2
0.15360287530861502,2023-08-18 17:02:15,1,30,0,0.25806451612903225,1,0.4551724137931034,0.0,0.2914319172292698,2024-11-04 08:11:13,1
0.03148965456968691,2023-11-28 16:45:08,0,34,1,0.6451612903225806,1,0.3,0.0,0.23789392025566378,2024-11-04 08:07:03,2
0.016506805916668487,2023-12-04 16:27:11,0,39,1,0.22580645161290325,0,0.23448275862068962,0.0,0.7649778599993682,2024-11-04 08:07:38,0
0.629421660949551,2023-09-13 17:58:16,1,2,1,0.7580645161290323,2,0.5862068965517242,0.0,0.5018200714046112,2024-11-04 08:11:45,2
0.2317125128361992,2023-02-27 16:05:35,1,28,2,0.06451612903225812,3,0.36551724137931035,0.0,0.36229000274943385,2024-11-04 08:08:43,1
0.1246149140247766,2023-01-05 16:22:12,1,29,0,0.7903225806451613,0,0.36551724137931035,0.0,0.638368113559011,2024-11-04 08:09:36,0
0.03654766326552907,2023-07-03 18:03:48,1,39,2,0.7258064516129032,0,0.13103448275862067,0.0,0.9618474044067578,2024-11-04 08:08:55,0
0.06468898162511744,2023-02-13 18:36:21,1,29,2,0.24193548387096775,0,0.9862068965517242,0.0,0.04350289967793308,2024-11-04 08:10:00,1
0.12075312984771353,2023-10-18 18:17:05,1,21,0,0.14516129032258068,3,0.9172413793103449,0.0,0.07281831754817729,2024-11-04 08:09:51,1
0.13767506390788525,2023-03-29 16:10:33,0,39,0,0.12903225806451613,3,0.5586206896551724,0.0,0.09965185042273386,2024-11-04 08:12:07,1
0.236661277283751,2023-10-19 17:06:57,1,30,1,0.32258064516129037,0,0.7620689655172415,0.0,0.4212293935313688,2024-11-04 08:09:08,0
0.09722738097839148,2023-10-16 16:55:59,1,28,0,0.6612903225806451,2,0.16896551724137931,0.0,0.0695714311643281,2024-11-04 08:08:51,2
0.12931241670126067,2023-02-10 16:50:10,1,40,2,0.5,0,0.3620689655172414,0.0,0.935694843769642,2024-11-04 08:08:13,0
0.6387128842666433,2023-12-25 17:12:21,1,27,2,0.16129032258064518,3,0.3586206896551724,0.0,0.39286989127972366,2024-11-04 08:11:33,1
0.18974087264305536,2023-12-13 16:41:13,0,6,2,0.11290322580645162,3,0.903448275862069,0.0,0.08724511437711881,2024-11-04 08:08:39,1
0.2826257947519063,2023-04-05 17:52:24,1,29,0,0.20967741935483875,0,0.04827586206896552,0.0,0.7531438666450656,2024-11-04 08:08:06,0
0.019658502479844436,2023-11-27 18:28:57,1,40,1,0.5483870967741935,0,0.22758620689655168,0.0,0.0061079109075887735,2024-11-04 08:10:09,2
0.025273656841967272,2023-06-22 17:27:50,1,37,0,0.3870967741935484,1,0.08275862068965517,0.0,0.2934916397717365,2024-11-04 08:07:22,1
0.11318250344119382,2023-10-02 18:57:19,1,24,0,0.5645161290322581,0,0.006896551724137931,0.0,0.10666324275887198,2024-11-04 08:07:01,2
0.10893836439511459,2023-04-03 18:41:57,1,16,0,0.4032258064516129,1,0.9482758620689655,0.0,0.5023094571784087,2024-11-04 08:08:58,0
0.16803404050776727,2023-07-10 16:34:43,0,26,2,0.7096774193548387,2,0.27586206896551724,0.0,0.1704346458238521,2024-11-04 08:11:34,2
0.22032926216434706,2023-06-08 16:56:16,1,19,1,0.20967741935483875,1,0.5413793103448277,0.5,0.2152369722885306,2024-11-04 08:07:58,1
0.010815180580742425,2023-04-19 16:41:27,1,22,0,0.14516129032258068,3,0.46206896551724136,0.0,0.023058271190975407,2024-11-04 08:10:01,1
0.12907754156743648,2023-09-01 17:51:34,1,34,0,0.9838709677419355,2,0.35172413793103446,0.0,0.2276564807650552,2024-11-04 08:06:31,2
3.2773274487098245e-05,2023-08-04 17:44:36,1,4,0,0.33870967741935487,1,0.43448275862068964,0.0,0.4743532948502231,2024-11-04 08:09:57,0
0.007658021805151959,2023-09-15 17:03:44,1,31,0,0.08064516129032262,3,0.24482758620689654,0.0,0.10051970349137762,2024-11-04 08:07:23,1
0.12677248792851056,2023-05-12 16:14:22,0,1,1,0.24193548387096775,1,0.493103448275862,0.0,0.2745434024008137,2024-11-04 08:08:22,1
0.17329961327536106,2023-02-24 18:25:34,1,24,2,0.4193548387096775,1,0.32413793103448274,0.0,0.41244733893124336,2024-11-04 08:06:39,0
0.040644322576416356,2023-05-15 17:37:32,1,16,0,0.4032258064516129,1,0.9413793103448276,0.0,0.2250065374679261,2024-11-04 08:11:01,1
0.03536782538399354,2023-10-24 17:28:18,0,2,2,0.1774193548387097,0,0.19655172413793104,0.0,0.6811732351693592,2024-11-04 08:09:26,0
0.00010378203587581116,2023-07-26 17:29:24,1,18,1,0.25806451612903225,1,0.5586206896551724,0.0,0.5759714273998222,2024-11-04 08:10:09,0
0.19875352312700736,2023-02-03 16:06:00,1,13,0,0.7258064516129032,0,0.17586206896551726,0.0,0.5442265587239401,2024-11-04 08:10:23,2
0.008493740304572965,2023-03-02 18:36:55,1,28,1,0.8225806451612903,0,0.0034482758620689655,0.75,0.5567872361736755,2024-11-04 08:12:06,2
0.1214796040988442,2023-06-28 16:05:19,1,11,2,0.33870967741935487,0,0.2689655172413793,0.0,0.965607876959812,2024-11-04 08:10:50,0
0.34847822762131575,2023-03-09 18:04:32,1,31,1,0.4838709677419355,1,0.18620689655172412,0.0,0.37601902151079036,2024-11-04 08:11:49,2
0.13161200812777207,2023-09-25 16:37:04,1,29,0,0.20967741935483875,1,0.3379310344827586,0.0,0.07520003979620579,2024-11-04 08:09:16,1
0.09334921016408486,2023-09-28 16:33:08,1,27,2,0.532258064516129,2,0.11034482758620691,0.0,0.40497345014953834,2024-11-04 08:11:02,2
0.020423212217876727,2023-09-25 17:29:01,0,38,2,0.14516129032258068,3,0.34137931034482755,0.0,0.020810995584100073,2024-11-04 08:11:02,1
0.013934103869431275,2023-10-02 16:32:31,1,22,2,0.8064516129032258,2,0.027586206896551724,0.0,0.2843102786473861,2024-11-04 08:06:40,2
0.4312635189757259,2023-07-10 16:04:39,1,17,0,0.3548387096774194,0,0.28965517241379307,0.0,0.9307667021381723,2024-11-04 08:07:32,0
0.7943477025934584,2023-09-22 16:13:06,1,24,0,0.14516129032258068,3,0.034482758620689655,0.0,0.073060321502253,2024-11-04 08:07:18,1
0.4406421376914506,2023-03-07 17:48:05,1,39,2,0.11290322580645162,3,0.0034482758620689655,0.0,0.0,2024-11-04 08:08:53,1
0.26795429220651534,2023-06-01 18:04:35,1,18,0,0.12903225806451613,1,0.3586206896551724,0.0,0.5782597092322492,2024-11-04 08:09:41,0
0.5577574340710962,2023-01-27 18:59:43,1,11,1,0.6935483870967742,0,0.396551724137931,0.0,0.411477978648529,2024-11-04 08:08:46,2
0.1698857305162883,2023-05-22 16:41:12,1,1,1,0.5,0,0.6482758620689656,0.0,0.0022694593026656067,2024-11-04 08:09:13,2
0.04630317463785532,2023-04-10 16:52:51,1,36,0,0.532258064516129,2,0.13103448275862067,0.0,0.3021936986203758,2024-11-04 08:06:59,2
0.16795756953396404,2023-04-12 17:54:47,1,11,1,0.7419354838709677,0,0.18275862068965515,0.0,0.06449270929476687,2024-11-04 08:10:03,2
0.1821156241123905,2023-07-06 18:09:06,1,13,2,0.29032258064516125,1,0.2,0.0,0.6141441899892376,2024-11-04 08:08:44,0
0.3220684305971291,2023-10-20 16:29:44,1,17,1,0.6129032258064516,1,0.7000000000000001,0.5,0.6253402340312683,2024-11-04 08:12:03,0
0.20309598199654788,2023-03-06 16:37:23,1,15,1,0.7741935483870968,0,0.18275862068965515,0.0,0.8892663851802157,2024-11-04 08:12:15,0
0.2745526448032511,2023-09-18 17:13:32,0,14,2,0.12903225806451613,3,0.45172413793103444,0.0,0.016069062550627566,2024-11-04 08:08:40,1
0.056561209552317075,2023-09-27 16:39:38,1,28,0,0.29032258064516125,0,0.08275862068965517,0.0,0.46669319747052096,2024-11-04 08:11:54,0
0.03778212327120978,2023-02-06 17:38:53,1,19,0,0.19354838709677424,1,0.5241379310344828,0.0,0.6170865547308749,2024-11-04 08:08:31,0
0.060160807533483365,2023-09-21 16:52:18,0,36,0,0.6129032258064516,0,0.17931034482758618,0.0,0.573896243493623,2024-11-04 08:08:33,0
0.13739649107474491,2023-04-03 16:14:34,1,23,0,0.7096774193548387,0,0.3172413793103448,0.0,0.7861404335500838,2024-11-04 08:10:15,0
0.18233411260897114,2023-08-11 17:27:16,1,27,1,0.6612903225806451,1,0.6551724137931035,0.0,0.4843164631928792,2024-11-04 08:10:28,2
0.02850182437894645,2023-09-06 18:56:24,1,33,2,0.14516129032258068,3,0.2655172413793103,0.0,0.2054042171877931,2024-11-04 08:09:31,1
0.5629301492276432,2023-09-04 17:22:24,1,36,0,0.11290322580645162,3,0.09999999999999999,0.0,0.12366402053269104,2024-11-04 08:11:01,1
0.07707727938124058,2023-07-21 16:54:10,1,10,2,0.4516129032258065,1,0.23103448275862065,0.0,0.06168210226145973,2024-11-04 08:11:41,1
0.11549301929253425,2023-11-13 16:58:19,0,6,2,0.5161290322580645,0,0.6724137931034483,0.0,0.8181468009430088,2024-11-04 08:07:08,0
0.03339596670235312,2023-01-30 16:45:11,1,38,1,0.3709677419354839,1,0.034482758620689655,0.25,0.5237147069164059,2024-11-04 08:08:27,0
0.16821975572986084,2023-04-17 16:12:22,1,19,0,0.6774193548387097,2,0.044827586206896544,0.0,0.2721489077218756,2024-11-04 08:11:35,2
0.060712490987349516,2023-12-27 17:18:17,1,6,1,0.04838709677419356,3,0.5896551724137932,0.0,0.07407404917654795,2024-11-04 08:10:44,1
0.36882496886538924,2023-03-15 16:16:53,1,5,0,0.6935483870967742,2,0.5137931034482759,0.0,0.12038352248855358,2024-11-04 08:10:47,2
0.16078022242128953,2023-09-28 18:53:02,1,29,1,0.6774193548387097,2,0.2206896551724138,0.0,0.4889414276485485,2024-11-04 08:07:33,2
0.057992309204920364,2023-04-17 17:32:12,0,31,0,0.5483870967741935,1,0.5310344827586208,0.0,0.6252387268171977,2024-11-04 08:10:35,0
0.20825231051585133,2023-11-20 16:42:12,1,39,2,0.29032258064516125,0,0.2379310344827586,0.0,0.38295243479505964,2024-11-04 08:11:07,0
0.6240577683584959,2023-03-15 17:10:12,0,15,2,0.11290322580645162,3,0.21034482758620687,0.0,0.09389282854893759,2024-11-04 08:10:03,1
0.002949594703838843,2023-12-04 18:43:37,1,14,1,0.3548387096774194,1,0.07931034482758621,0.0,0.35846432357542024,2024-11-04 08:11:43,0
0.11406738185234548,2023-11-07 18:44:46,1,41,0,0.4838709677419355,0,0.6655172413793103,0.0,0.6049164447736893,2024-11-04 08:06:31,0
0.28488168847910156,2023-11-16 17:26:37,1,41,0,0.467741935483871,1,0.08275862068965517,0.0,0.31250508376361863,2024-11-04 08:07:27,2
0.3212327120977081,2023-01-09 16:08:44,1,5,2,0.24193548387096775,1,0.4275862068965517,0.0,0.5601578134673857,2024-11-04 08:10:22,0
0.07997225196093426,2023-10-31 16:05:00,1,0,2,0.03225806451612906,3,0.906896551724138,0.0,0.09865358411217154,2024-11-04 08:11:06,1
0.09627695601826565,2023-03-14 17:06:18,0,36,2,0.8870967741935485,2,0.28965517241379307,1.0,0.47257187685494356,2024-11-04 08:08:41,2
0.031178308462059476,2023-10-23 16:03:49,1,1,2,0.14516129032258068,3,0.24482758620689654,0.0,0.0671184521964884,2024-11-04 08:10:22,1
0.1608676178199218,2023-10-10 17:16:59,1,30,2,0.9516129032258065,2,0.3137931034482758,0.0,0.1458725889515784,2024-11-04 08:10:02,2
0.08866809412484433,2023-02-22 16:18:32,1,16,1,0.7419354838709677,2,0.031034482758620682,0.0,0.47074004136923153,2024-11-04 08:08:46,2
0.030528305184732023,2023-12-28 18:53:29,1,26,1,0.20967741935483875,0,0.23103448275862065,0.0,0.8849089695404413,2024-11-04 08:09:03,0
0.286378334680679,2023-09-19 16:32:00,1,12,0,0.33870967741935487,0,0.5689655172413793,0.0,0.5505959683485718,2024-11-04 08:07:00,0
0.2923048351504293,2023-05-12 18:38:11,1,36,1,0.08064516129032262,3,0.3448275862068965,0.0,0.036948625921715765,2024-11-04 08:08:50,1
0.030905197841333658,2023-08-14 17:29:30,1,33,0,0.435483870967742,1,0.603448275862069,0.0,0.529422639066564,2024-11-04 08:09:53,0
0.06761672747929821,2023-10-25 16:50:02,0,0,1,0.6935483870967742,0,0.7241379310344828,0.0,0.4643343311514885,2024-11-04 08:12:09,2
0.4384135550263279,2023-08-28 18:32:00,1,6,0,0.016129032258064557,3,0.5689655172413793,0.0,0.12580373882664386,2024-11-04 08:11:17,1
0.10536607747602089,2023-04-06 16:41:31,1,5,0,0.7419354838709677,2,0.34137931034482755,0.0,0.14804995230505408,2024-11-04 08:07:13,2
0.29564770914811334,2023-06-28 17:47:15,0,16,1,0.4838709677419355,1,0.5206896551724138,0.0,0.4023342625837015,2024-11-04 08:08:36,2
0.010875264917302107,2023-01-02 16:45:05,1,35,0,0.9516129032258065,2,0.26206896551724135,0.0,0.25324167657650454,2024-11-04 08:08:39,2
0.019511022744652492,2023-08-17 16:14:47,0,26,1,0.3548387096774194,0,0.4241379310344827,0.0,0.7424909870332937,2024-11-04 08:06:59,0
0.14910747449146802,2023-12-12 16:56:18,1,14,1,0.532258064516129,2,0.5620689655172414,0.0,0.14116964544404031,2024-11-04 08:10:05,2
0.36224846511831155,2023-12-12 17:20:46,1,0,0,0.7903225806451613,2,0.4724137931034483,0.0,0.3895651928401786,2024-11-04 08:11:40,2
0.18768161856278268,2023-02-13 16:44:51,1,5,1,0.6290322580645161,1,0.2068965517241379,0.0,0.21353151664550257,2024-11-04 08:09:48,2
0.037754812209137185,2023-01-11 16:09:36,1,11,1,0.8225806451612903,0,0.9310344827586207,0.25,0.804657097202905,2024-11-04 08:11:12,0
0.0410594507199196,2023-08-14 16:01:57,1,14,0,0.9516129032258065,2,0.8827586206896552,0.0,0.0900563936436317,2024-11-04 08:11:19,2
0.04726452402281021,2023-01-23 16:31:30,1,13,1,0.24193548387096775,0,0.5379310344827587,0.0,0.5843837537367764,2024-11-04 08:07:48,0
0.6039131289737596,2023-03-06 17:37:32,1,29,0,0.25806451612903225,1,0.0896551724137931,0.0,0.17035196113954287,2024-11-04 08:11:22,1
0.007559701981690664,2023-12-25 17:13:46,1,21,1,0.435483870967742,1,0.21724137931034482,0.0,0.46027874822110293,2024-11-04 08:08:16,0
0.034450173698354784,2023-12-26 17:10:01,0,21,1,0.08064516129032262,3,0.393103448275862,0.0,0.04639283022952059,2024-11-04 08:12:02,1
0.3310155345321069,2023-06-22 17:05:42,1,21,1,0.1774193548387097,0,0.11034482758620691,0.0,0.643097274161574,2024-11-04 08:09:33,0
0.002299591426511394,2023-08-14 16:20:49,1,3,1,0.14516129032258068,3,0.4206896551724138,0.0,0.08601559984377302,2024-11-04 08:10:24,1
0.1848576547444777,2023-10-23 18:46:51,1,41,1,0.0,3,0.5482758620689655,0.0,0.0696225208879663,2024-11-04 08:06:32,1
0.05324018440429112,2023-05-29 17:55:23,1,34,1,0.8225806451612903,0,0.503448275862069,0.0,0.5231997762807892,2024-11-04 08:08:27,2
0.014939150953702289,2023-03-10 16:28:07,0,13,0,0.5806451612903226,2,0.05517241379310345,0.0,0.24048739596350852,2024-11-04 08:09:16,2
0.15507767266053443,2023-05-24 16:02:39,1,22,0,0.532258064516129,2,0.6172413793103448,0.0,0.22703735398254482,2024-11-04 08:08:05,2
0.041485503288251874,2023-01-10 16:41:42,1,20,1,0.06451612903225812,3,0.20344827586206898,0.0,0.037828579188063295,2024-11-04 08:10:44,1
0.31912976031811924,2023-08-25 17:47:07,1,10,0,0.903225806451613,2,0.22758620689655168,0.0,0.21191210685281256,2024-11-04 08:08:49,2
0.23592387860779132,2023-05-19 16:31:11,1,19,1,0.0,3,0.5241379310344828,0.0,0.03876298334407787,2024-11-04 08:08:30,1
0.07335205051454041,2023-10-09 16:44:50,1,38,2,0.6612903225806451,0,0.5344827586206897,0.0,0.991558767635198,2024-11-04 08:08:25,0
0.033537984225130546,2023-02-10 16:34:00,1,34,0,0.12903225806451613,3,0.26206896551724135,0.0,0.37666570985473713,2024-11-04 08:06:48,1
0.006603814809150298,2023-02-06 18:39:50,1,14,1,0.11290322580645162,3,0.041379310344827586,0.0,0.11728116624394404,2024-11-04 08:11:12,1
0.1163396622167843,2023-02-23 17:30:07,1,37,1,0.11290322580645162,3,0.18275862068965515,0.0,0.03869307109067821,2024-11-04 08:08:03,1
0.018937490441128274,2023-10-16 16:11:52,1,8,1,0.20967741935483875,1,0.21379310344827585,0.0,0.182052180085898,2024-11-04 08:11:12,1
0.18321352880770828,2023-11-06 17:20:40,1,40,2,0.09677419354838712,3,0.4551724137931034,0.0,0.07305494363660688,2024-11-04 08:11:20,1
0.23143394000305884,2023-01-30 18:50:14,1,36,0,0.4032258064516129,0,0.22413793103448276,0.0,0.5560834080072387,2024-11-04 08:08:41,0
0.19725141471301536,2023-03-02 17:02:57,0,25,2,0.8709677419354838,2,0.21034482758620687,0.5,0.3274259719987981,2024-11-04 08:12:17,2
0.12047455701457319,2023-12-29 16:30:53,1,21,1,0.3870967741935484,1,0.07241379310344827,0.0,0.28206434750692233,2024-11-04 08:08:24,1
0.22168935305556164,2023-08-03 17:32:39,1,15,0,0.3870967741935484,0,0.3310344827586207,0.0,0.6990774943717276,2024-11-04 08:11:29,0
0.23354781620747667,2023-05-10 17:02:51,1,31,0,0.467741935483871,1,0.06551724137931035,0.0,0.2145002046950112,2024-11-04 08:09:49,2
0.011820227665013438,2023-04-10 17:04:28,1,31,0,0.16129032258064518,3,0.06896551724137931,0.0,0.06386686018019884,2024-11-04 08:11:15,1
0.21489436081190327,2023-09-18 16:40:55,1,36,0,0.5967741935483871,0,0.45172413793103444,0.0,0.6744972872028981,2024-11-04 08:07:00,0
0.15384321265485373,2023-01-12 17:10:03,1,10,1,0.11290322580645162,3,0.8931034482758621,0.0,0.008290652126710582,2024-11-04 08:07:24,1
0.13086914723939785,2023-01-26 16:17:52,1,40,0,0.8387096774193548,2,0.13793103448275862,0.0,0.09246097182065627,2024-11-04 08:07:51,2
0.12977124254408007,2023-09-22 17:40:23,1,26,1,0.12903225806451613,3,0.020689655172413793,0.0,0.5935946931221804,2024-11-04 08:09:29,0
0.2507319364635452,2023-01-26 18:07:00,0,18,2,0.7419354838709677,2,0.34137931034482755,0.0,0.06076450393558931,2024-11-04 08:11:08,2
0.10718499421005485,2023-12-22 17:31:59,1,28,1,0.3709677419354839,1,0.1896551724137931,0.0,0.49841789915023005,2024-11-04 08:09:30,0
0.011454259433240842,2023-09-11 16:35:15,1,41,0,0.08064516129032262,3,0.32068965517241377,0.75,0.014586116098708038,2024-11-04 08:09:59,1
0.05187463130066203,2023-10-16 18:47:17,1,10,2,0.03225806451612906,3,0.1724137931034483,0.5,0.05812666083616401,2024-11-04 08:11:38,1
0.18823330201664884,2023-08-28 17:59:32,1,15,1,0.6451612903225806,2,0.05172413793103449,0.0,0.4937714232319763,2024-11-04 08:11:21,2
0.07065917979418385,2023-07-06 16:47:00,0,38,0,0.08064516129032262,3,0.393103448275862,0.0,0.034827057924318644,2024-11-04 08:06:51,1
0.008887019598418144,2023-07-24 17:07:27,1,15,0,0.04838709677419356,3,0.7241379310344828,0.0,0.04072052643926811,2024-11-04 08:08:29,1
0.15117219078415522,2023-11-13 16:16:48,0,10,0,0.4516129032258065,0,0.7482758620689656,0.0,0.5703347519694753,2024-11-04 08:09:56,0
0.0069697830409228955,2023-06-14 16:24:08,1,5,1,0.532258064516129,0,0.11034482758620691,0.0,0.4016089229546801,2024-11-04 08:11:43,2
0.1085669339509275,2023-01-30 17:36:54,1,22,0,0.06451612903225812,3,0.603448275862069,0.0,0.04648022054627016,2024-11-04 08:08:22,1
0.3737464222508685,2023-07-31 18:52:14,1,13,1,0.1774193548387097,0,0.22758620689655168,0.0,0.4138556674973229,2024-11-04 08:10:14,1
0.6409797024186678,2023-09-25 16:44:52,0,41,2,0.6935483870967742,0,0.17586206896551726,0.0,0.6960329501828139,2024-11-04 08:07:31,0
0.024940461884681773,2023-06-19 17:25:35,1,26,0,0.12903225806451613,3,0.044827586206896544,0.0,0.02973690809025941,2024-11-04 08:06:32,1
0.41593108872817847,2023-09-11 17:15:04,1,8,0,0.016129032258064557,3,0.058620689655172406,0.0,0.0032993205738989324,2024-11-04 08:09:23,1
0.18086477746946625,2023-05-30 17:13:38,1,24,0,0.3870967741935484,1,0.38620689655172413,0.0,0.049903232030030005,2024-11-04 08:08:38,1
0.3291201468242697,2023-03-20 17:25:15,1,3,1,0.6774193548387097,2,0.5620689655172414,0.0,0.4917715294448228,2024-11-04 08:10:57,2
0.03488168847910158,2023-08-10 17:12:55,0,16,1,0.6290322580645161,0,0.7310344827586207,0.0,0.06230862360923353,2024-11-04 08:09:39,2
0.05155236076820555,2023-05-15 18:30:55,0,27,0,0.16129032258064518,3,0.46206896551724136,0.0,0.032573732218591424,2024-11-04 08:08:50,1
0.08482815879743932,2023-04-24 16:07:53,0,2,1,0.016129032258064557,3,0.18620689655172412,0.0,0.001854691414708059,2024-11-04 08:07:46,1
0.16448360243833163,2023-07-04 16:21:12,0,10,2,0.467741935483871,0,0.32413793103448274,0.0,0.702240351604856,2024-11-04 08:07:22,0
0.0743133998994953,2023-10-30 16:38:14,1,26,2,0.903225806451613,2,0.1896551724137931,0.0,0.2879006761993817,2024-11-04 08:08:41,2
0.002255893727195263,2023-06-12 16:03:42,1,30,0,0.12903225806451613,3,0.18275862068965515,0.0,0.0892329079665685,2024-11-04 08:11:48,1
0.23432345037033803,2023-06-12 16:26:36,1,39,2,0.1774193548387097,1,0.33448275862068966,0.0,0.33056933446895936,2024-11-04 08:08:36,1
0.07553147326793244,2023-01-03 17:56:37,0,2,1,0.6774193548387097,1,0.2862068965517241,0.0,0.5493872930446048,2024-11-04 08:09:05,0
0.017899670082370162,2023-08-10 16:58:10,1,42,1,0.04838709677419356,3,0.06206896551724138,0.0,0.056042737898289785,2024-11-04 08:09:57,1
0.04158382311171317,2023-02-27 16:28:23,1,34,2,0.19354838709677424,0,0.24137931034482757,0.0,0.7718662336588511,2024-11-04 08:10:59,0
0.013688304310778039,2023-03-07 17:49:13,1,28,0,0.016129032258064557,3,0.05172413793103449,0.0,0.10353332495282605,2024-11-04 08:09:29,1
0.180608053485984,2023-03-06 17:25:20,1,18,0,0.29032258064516125,1,0.06206896551724138,0.0,0.42882764545614055,2024-11-04 08:11:10,0
0.08373025410212154,2023-11-08 17:53:52,1,10,2,0.30645161290322587,0,0.020689655172413793,0.0,0.37091878817864465,2024-11-04 08:07:38,1
0.11872118682951344,2023-02-28 17:34:08,1,29,2,0.14516129032258068,3,0.3793103448275862,0.0,0.10479443444684283,2024-11-04 08:11:11,1
0.07178985776398873,2023-10-16 16:22:32,0,10,1,0.5645161290322581,1,0.16896551724137931,0.0,0.19200526493046757,2024-11-04 08:07:03,2
0.5204996831916799,2023-10-12 17:39:08,1,33,2,0.6774193548387097,2,0.25517241379310346,0.0,0.22882213314385325,2024-11-04 08:08:48,2
0.03726867530424523,2023-10-25 17:37:30,1,26,2,0.7903225806451613,2,0.13448275862068965,0.0,0.44240406727978826,2024-11-04 08:10:51,2
0.8153662959645175,2023-06-07 17:05:41,1,7,0,0.8225806451612903,2,0.48620689655172417,0.0,0.10197508838186074,2024-11-04 08:07:07,2
0.2569206231291923,2023-02-27 17:52:43,1,40,1,0.6290322580645161,0,0.40344827586206894,0.0,0.8314462626858811,2024-11-04 08:06:42,0
0.21034433787061113,2023-10-03 17:14:49,1,24,1,0.32258064516129037,0,0.8931034482758621,0.0,0.3416242095377792,2024-11-04 08:12:12,1
0.15054403635648583,2023-08-28 18:27:59,1,39,0,0.11290322580645162,3,0.35172413793103446,0.0,0.10724674118147676,2024-11-04 08:07:09,1
0.04953134217483449,2023-11-24 17:55:11,0,7,0,0.7258064516129032,2,0.1586206896551724,0.0,0.2550372114691052,2024-11-04 08:12:21,2
0.11251611352662283,2023-10-03 16:22:49,1,3,0,0.903225806451613,2,0.1586206896551724,0.0,0.23856682569463541,2024-11-04 08:07:59,2
0.06363477462911578,2023-01-16 16:55:13,1,30,0,0.532258064516129,1,0.6965517241379311,0.0,0.29431915884803433,2024-11-04 08:07:09,2
0.04983722607004741,2023-03-27 16:26:42,1,29,0,0.467741935483871,0,0.23103448275862065,0.0,0.03801209885323738,2024-11-04 08:07:56,1
0.2671294981319234,2023-04-03 16:34:10,1,21,1,0.4032258064516129,1,0.0896551724137931,0.0,0.36925904439360874,2024-11-04 08:12:22,0
0.9089503812624266,2023-09-25 17:11:19,1,35,1,0.0,3,0.1896551724137931,0.0,0.099901248942073,2024-11-04 08:07:07,1
0.22626122484651184,2023-02-13 16:03:33,0,31,2,0.6451612903225806,0,0.3379310344827586,0.0,0.8475099473708624,2024-11-04 08:09:08,0
0.01535974130962005,2023-10-03 16:39:18,1,40,1,0.435483870967742,0,0.8620689655172414,0.0,0.5909212216628497,2024-11-04 08:09:52,0
0.2489621796412419,2023-03-17 17:03:03,1,11,1,0.8064516129032258,0,0.034482758620689655,0.0,0.781626387573366,2024-11-04 08:10:37,0
0.029812755358430382,2023-05-08 16:48:31,1,18,2,0.5483870967741935,2,0.393103448275862,0.0,0.22810956594574142,2024-11-04 08:11:44,2
0.01620092202145557,2024-01-01 16:25:13,0,10,2,0.8064516129032258,0,0.18275862068965515,0.0,0.5211696319993763,2024-11-04 08:10:15,2
0.07253818086477748,2023-02-03 17:00:39,1,19,2,0.27419354838709675,1,0.4586206896551724,0.0,0.587615178756893,2024-11-04 08:09:53,0
0.2556643142738535,2023-06-08 16:20:29,1,14,2,0.8225806451612903,2,0.489655172413793,0.0,0.30975430548562466,2024-11-04 08:06:47,2
0.1340208438025738,2023-12-15 17:01:58,1,35,1,0.08064516129032262,3,0.40344827586206894,0.0,0.11949751912335413,2024-11-04 08:08:30,1
0.5361926194585855,2023-11-28 16:17:46,0,3,2,0.4032258064516129,0,0.35172413793103446,0.0,0.5993718652925324,2024-11-04 08:06:53,0
0.04552207826257947,2023-12-29 18:29:23,1,38,0,0.467741935483871,0,0.6275862068965518,0.0,0.927482842928006,2024-11-04 08:09:19,0
0.180777382070834,2023-05-25 16:27:17,0,28,1,0.6935483870967742,0,0.5206896551724138,0.0,0.8410343248997197,2024-11-04 08:12:21,0
0.03126024164827722,2023-11-16 18:09:35,0,11,2,0.09677419354838712,3,0.5758620689655173,0.0,0.044565700376248935,2024-11-04 08:11:34,1
0.0859206012803426,2023-04-11 17:06:47,1,16,1,0.4032258064516129,0,0.5137931034482759,0.0,0.5000715928364141,2024-11-04 08:07:45,0
0.12565273438353472,2023-02-24 16:57:24,1,7,2,0.4516129032258065,1,0.04827586206896552,0.0,0.5549069998971483,2024-11-04 08:08:21,0
0.16695798466210757,2023-12-06 16:42:18,1,12,0,0.8709677419354838,2,0.2689655172413793,0.0,0.0902990698309132,2024-11-04 08:08:28,2
0.5147807467936814,2023-11-06 16:24:45,1,4,2,0.27419354838709675,1,0.06551724137931035,0.0,0.33874637918389544,2024-11-04 08:11:10,1
0.06339989949529158,2023-02-17 16:37:06,1,14,1,0.14516129032258068,3,0.46206896551724136,0.0,0.10715061183305225,2024-11-04 08:08:42,1
0.29356660621818265,2023-04-04 16:07:04,0,23,2,0.016129032258064557,3,0.5689655172413793,0.0,0.11454047146403655,2024-11-04 08:07:22,1
0.29381786798925036,2023-09-26 17:27:17,0,42,1,0.14516129032258068,1,0.8344827586206897,0.0,0.3902878435363769,2024-11-04 08:10:25,1
0.11972077170136992,2023-07-20 18:13:07,1,42,2,0.3870967741935484,1,0.044827586206896544,0.0,0.2759564365993336,2024-11-04 08:09:38,1
0.031959404837335316,2023-07-13 16:35:37,1,22,2,0.14516129032258068,1,0.6241379310344828,0.0,0.48128536366808083,2024-11-04 08:06:39,0
0.21999060499464704,2023-09-04 17:32:35,1,42,2,0.7258064516129032,0,0.9517241379310345,0.5,0.6998835019854409,2024-11-04 08:09:32,0
0.39300618322445324,2023-03-30 17:50:23,1,37,1,0.016129032258064557,3,0.6206896551724138,0.0,0.03954882396161818,2024-11-04 08:11:25,1
0.08901221350695886,2023-04-06 18:06:12,1,24,2,0.12903225806451613,3,0.7137931034482758,0.0,0.11334322412456752,2024-11-04 08:07:56,1
0.1589285324127685,2023-11-03 16:45:25,0,3,2,0.3709677419354839,1,0.3103448275862069,0.0,0.2403522770891496,2024-11-04 08:09:36,1
0.03073040704406913,2023-12-04 16:08:59,1,29,0,0.3870967741935484,1,0.489655172413793,0.0,0.4577235898059868,2024-11-04 08:08:50,0
0.10680810155345322,2023-02-28 17:37:48,1,33,2,0.33870967741935487,0,0.6068965517241379,0.0,0.8016703650696871,2024-11-04 08:06:59,0
0.0363237125565339,2023-04-24 18:29:26,0,2,1,0.29032258064516125,0,0.11724137931034483,0.0,0.005547268413980031,2024-11-04 08:10:58,1
0.058298193100133275,2023-11-24 17:00:27,1,29,1,0.32258064516129037,1,0.489655172413793,0.0,0.38110244901279194,2024-11-04 08:10:43,0
0.358075334833621,2023-05-05 16:52:44,1,29,0,0.5967741935483871,2,0.5310344827586208,0.25,0.29832297982157585,2024-11-04 08:12:08,2
0.05835827743669296,2023-06-16 16:41:13,0,30,2,0.11290322580645162,3,0.5689655172413793,0.0,0.0061576561648154495,2024-11-04 08:11:33,1
0.04351198409403745,2023-02-06 17:32:11,1,24,0,0.4193548387096775,1,0.9103448275862069,0.25,0.607467569789571,2024-11-04 08:09:14,0
0.12840568944045097,2023-10-16 16:13:57,1,42,1,0.12903225806451613,3,0.2,0.0,0.031233971439500026,2024-11-04 08:12:01,1
0.047024186676571475,2023-09-04 17:17:40,0,16,1,0.5483870967741935,2,0.04827586206896552,0.0,0.09735819072466069,2024-11-04 08:10:10,2
0.18447529987546157,2023-03-02 16:41:57,1,7,0,0.8387096774193548,0,0.3620689655172414,0.0,0.6007364987002372,2024-11-04 08:06:36,2
0.3150986475562062,2023-09-27 16:50:01,0,38,1,0.3548387096774194,1,0.19310344827586207,0.0,0.43952690915911025,2024-11-04 08:08:42,0
0.11638335991610042,2023-08-28 16:41:57,1,29,0,0.5483870967741935,2,0.5206896551724138,0.0,0.3561652860117009,2024-11-04 08:12:15,2
0.48267386222115405,2023-11-03 16:08:00,0,40,2,0.5645161290322581,2,0.4103448275862069,0.0,0.15060981635261053,2024-11-04 08:11:08,2
0.037984225130546875,2023-05-02 16:01:04,0,27,1,0.14516129032258068,3,0.4413793103448276,0.0,0.002323910192332644,2024-11-04 08:09:01,1
0.41986934387904484,2023-10-11 17:36:16,1,16,1,0.7419354838709677,2,0.14827586206896554,0.0,0.4542938559901693,2024-11-04 08:07:37,2
0.09797024186676573,2023-11-15 16:00:38,1,40,2,0.09677419354838712,3,0.3758620689655172,0.0,0.020641592816247074,2024-11-04 08:11:42,1
0.23249907142388956,2023-03-24 16:34:27,1,17,0,0.08064516129032262,3,0.1275862068965517,0.0,0.018915297943840295,2024-11-04 08:07:14,1
0.1436998842010968,2023-03-08 17:43:41,1,10,0,0.7419354838709677,2,0.15517241379310343,0.0,0.15520654701363762,2024-11-04 08:11:16,2
0.06159736939850117,2023-03-15 17:53:09,0,40,2,0.29032258064516125,0,0.006896551724137931,0.0,0.44729926948417537,2024-11-04 08:08:48,0
0.00587734055801962,2023-07-31 17:49:23,1,2,2,0.3870967741935484,0,0.11034482758620691,0.0,0.5228266868515891,2024-11-04 08:07:22,0
0.47243221394393586,2023-12-07 17:13:16,1,15,1,0.09677419354838712,3,0.5206896551724138,0.0,0.6181385996978984,2024-11-04 08:10:13,0
0.08288361117787149,2023-12-18 18:11:24,1,0,0,0.532258064516129,1,0.18275862068965515,0.0,0.4994175099272039,2024-11-04 08:07:25,0
0.14755074395333084,2023-06-12 17:30:53,1,17,0,0.11290322580645162,3,0.32413793103448274,0.0,0.053573625333511704,2024-11-04 08:07:39,1
0.14266752605475322,2023-10-27 17:02:06,0,28,2,0.5161290322580645,1,0.296551724137931,0.0,0.4459285859776187,2024-11-04 08:09:11,0
0.0544691821975573,2023-03-30 16:52:05,0,42,2,0.8870967741935485,2,0.489655172413793,0.0,0.19735220784912938,2024-11-04 08:07:59,2
0.21872337171447925,2023-04-03 16:19:59,1,19,2,0.22580645161290325,1,0.05517241379310345,0.0,0.6008507783452174,2024-11-04 08:07:57,0
0.22461163669732792,2023-12-25 16:25:42,1,13,0,0.12903225806451613,3,0.3793103448275862,0.0,0.04668189050799992,2024-11-04 08:11:11,1
0.11163123511547117,2023-06-21 17:48:16,1,19,2,0.5483870967741935,1,0.2827586206896551,0.0,0.6115520587478044,2024-11-04 08:09:54,0
0.2301230090235749,2023-07-18 17:56:55,1,38,2,0.5645161290322581,1,0.46206896551724136,0.0,0.5334620884000111,2024-11-04 08:10:58,0
0.10548624614914025,2023-07-20 16:05:11,1,22,0,0.0,3,0.9482758620689655,0.0,0.06585129260361972,2024-11-04 08:10:56,1
0.20580523935414802,2023-03-16 16:52:04,1,6,0,0.25806451612903225,1,0.18620689655172412,0.0,0.2494435589639273,2024-11-04 08:09:54,1
0.02940855163975617,2023-05-19 17:47:41,0,4,1,0.16129032258064518,1,0.02413793103448276,0.0,0.05638087120079001,2024-11-04 08:06:59,1
0.009744586947497216,2023-04-14 16:33:13,1,21,0,0.6290322580645161,2,0.19310344827586207,0.0,0.4283564099788986,2024-11-04 08:06:41,2
0.22305490615919074,2023-05-22 17:41:48,0,13,2,0.4838709677419355,1,0.5137931034482759,0.0,0.161085898631266,2024-11-04 08:07:08,2
0.08840044571653302,2023-12-04 16:14:07,1,3,1,0.7419354838709677,0,0.7275862068965517,0.0,0.6370444863768581,2024-11-04 08:11:35,0
0.09015381590159278,2023-04-03 16:05:30,1,4,0,0.5,0,0.06206896551724138,0.0,0.48699665698426775,2024-11-04 08:10:12,0
0.1459612401407066,2023-01-30 17:05:46,1,0,0,0.04838709677419356,3,0.5137931034482759,0.25,0.04770570168038135,2024-11-04 08:09:32,1
0.4679149642771308,2023-03-17 16:10:35,1,27,1,0.29032258064516125,1,0.4827586206896552,0.0,0.569885027954818,2024-11-04 08:09:52,0
0.14800410758373575,2023-04-03 16:07:53,0,21,0,0.435483870967742,0,0.2655172413793103,0.0,0.45448477022060685,2024-11-04 08:06:52,0
0.16791933404706244,2023-01-18 17:21:27,0,11,2,0.9193548387096775,2,0.5241379310344828,0.0,0.13112849804951537,2024-11-04 08:12:03,2
0.19003583211343925,2023-05-10 17:56:31,1,12,0,0.04838709677419356,3,0.5896551724137932,0.0,0.12003665015437837,2024-11-04 08:11:06,1
0.304529266534117,2023-05-30 16:55:04,0,31,1,0.12903225806451613,3,0.3172413793103448,0.0,0.07981290405417125,2024-11-04 08:11:13,1
0.1777076186938758,2023-09-26 16:15:36,1,9,0,0.8225806451612903,0,0.2689655172413793,0.0,0.9192721865527815,2024-11-04 08:10:49,0
0.12867333784876228,2023-09-01 16:26:50,0,22,2,0.5645161290322581,1,0.5482758620689655,0.0,0.2701402749030472,2024-11-04 08:08:53,2
0.32952435054294393,2023-04-21 16:22:38,1,0,2,0.4193548387096775,0,0.05517241379310345,0.0,0.7001490341017184,2024-11-04 08:08:08,0
0.14747427297952764,2023-11-06 16:56:41,1,40,0,0.20967741935483875,1,0.11034482758620691,0.0,0.35714204085967877,2024-11-04 08:10:48,1
0.06725075924752562,2024-01-01 17:21:56,1,34,2,0.6612903225806451,0,0.10344827586206896,0.0,0.9034955454466621,2024-11-04 08:10:53,0
0.31509318534379166,2023-01-27 17:38:07,1,41,0,0.33870967741935487,1,0.20344827586206898,0.0,0.34711971599491526,2024-11-04 08:10:50,1
0.05024142978872162,2023-04-13 17:45:33,1,30,1,0.6774193548387097,1,0.2862068965517241,0.0,0.4594902186707395,2024-11-04 08:09:06,2
0.46753807162052924,2023-04-26 17:09:36,0,7,1,0.24193548387096775,0,0.34137931034482755,0.0,0.8462468211772284,2024-11-04 08:11:29,0
0.1372544735519675,2023-03-22 17:36:48,1,40,1,0.4838709677419355,0,0.5758620689655173,0.0,0.010254917553958482,2024-11-04 08:11:42,2
0.015496296619982959,2023-08-21 17:08:50,1,36,1,0.6129032258064516,2,0.4689655172413793,0.0,0.2205402200488176,2024-11-04 08:08:39,2
0.10143874674998361,2023-02-24 16:24:46,1,10,2,0.08064516129032262,3,0.031034482758620682,0.0,0.11257956720281749,2024-11-04 08:12:22,1
0.13263344184928666,2023-02-14 16:21:23,0,17,2,0.09677419354838712,3,0.2862068965517241,0.0,0.0019528374627498781,2024-11-04 08:07:49,1
0.00651095719810352,2023-04-20 18:50:39,1,27,1,0.935483870967742,2,0.23103448275862065,0.0,0.32314519094448096,2024-11-04 08:07:37,2
0.1266468570429767,2023-12-28 17:31:03,1,29,0,0.30645161290322587,1,0.1413793103448276,0.0,0.4428450522627706,2024-11-04 08:09:17,0
0.10834844545434684,2023-05-15 16:19:14,0,40,1,0.14516129032258068,3,0.25517241379310346,0.0,0.07353357367911217,2024-11-04 08:06:38,1
